INFO:     Will watch for changes in these directories: ['/Users/saudahmad/Desktop/portfolio/portfolio']
INFO:     Uvicorn running on http://0.0.0.0:8000 (Press CTRL+C to quit)
INFO:     Started reloader process [8173] using WatchFiles
/Users/saudahmad/Desktop/portfolio/portfolio/myenv/lib/python3.13/site-packages/sklearn/base.py:525: InconsistentVersionWarning: Trying to unpickle estimator LogisticRegression from version 1.5.2 when using version 1.9.0. This might lead to breaking code or invalid results. Use at your own risk. For more info please refer to:
https://scikit-learn.org/stable/model_persistence.html#security-maintainability-limitations
  warnings.warn(
/Users/saudahmad/Desktop/portfolio/portfolio/myenv/lib/python3.13/site-packages/sklearn/base.py:525: InconsistentVersionWarning: Trying to unpickle estimator StandardScaler from version 1.5.2 when using version 1.9.0. This might lead to breaking code or invalid results. Use at your own risk. For more info please refer to:
https://scikit-learn.org/stable/model_persistence.html#security-maintainability-limitations
  warnings.warn(
/Users/saudahmad/Desktop/portfolio/portfolio/myenv/lib/python3.13/site-packages/sklearn/base.py:525: InconsistentVersionWarning: Trying to unpickle estimator DecisionTreeClassifier from version 1.5.2 when using version 1.9.0. This might lead to breaking code or invalid results. Use at your own risk. For more info please refer to:
https://scikit-learn.org/stable/model_persistence.html#security-maintainability-limitations
  warnings.warn(
/Users/saudahmad/Desktop/portfolio/portfolio/myenv/lib/python3.13/site-packages/sklearn/base.py:525: InconsistentVersionWarning: Trying to unpickle estimator RandomForestClassifier from version 1.5.2 when using version 1.9.0. This might lead to breaking code or invalid results. Use at your own risk. For more info please refer to:
https://scikit-learn.org/stable/model_persistence.html#security-maintainability-limitations
  warnings.warn(
/Users/saudahmad/Desktop/portfolio/portfolio/myenv/lib/python3.13/site-packages/sklearn/base.py:525: InconsistentVersionWarning: Trying to unpickle estimator Pipeline from version 1.5.2 when using version 1.9.0. This might lead to breaking code or invalid results. Use at your own risk. For more info please refer to:
https://scikit-learn.org/stable/model_persistence.html#security-maintainability-limitations
  warnings.warn(
/usr/local/Cellar/python@3.13/3.13.9_1/Frameworks/Python.framework/Versions/3.13/lib/python3.13/pickle.py:1760: UserWarning: [12:09:48] WARNING: /Users/runner/work/xgboost/xgboost/src/gbm/../common/error_msg.h:83: If you are loading a serialized model (like pickle in Python, RDS in R) or
configuration generated by an older version of XGBoost, please export the model by calling
`Booster.save_model` from that version first, then load it back in current version. See:

    https://xgboost.readthedocs.io/en/stable/tutorials/saving_model.html

for more details about differences between saving model and serializing.

  setstate(state)
/Users/saudahmad/Desktop/portfolio/portfolio/myenv/lib/python3.13/site-packages/sklearn/base.py:525: InconsistentVersionWarning: Trying to unpickle estimator Lasso from version 1.5.2 when using version 1.9.0. This might lead to breaking code or invalid results. Use at your own risk. For more info please refer to:
https://scikit-learn.org/stable/model_persistence.html#security-maintainability-limitations
  warnings.warn(
INFO:     Started server process [8180]
INFO:     Waiting for application startup.
INFO:     Application startup complete.
⚠️ sentiment_model router skipped: No module named 'torch'
⚠️ anomaly_model router skipped: No module named 'torch'
⚠️ clip_search_model router skipped: No module named 'torch'
⚠️ mini_llava_model router skipped: No module named 'torch'
⚠️ diffusion_gan_model router skipped: No module named 'torch'
⚠️ gpt2_lora_model router skipped: No module named 'torch'
⚠️ rag_model router skipped: No module named 'sentence_transformers'
✅ Loaded cv_collection
✅ Loaded github_collection
👀 Watching data for changes...
💾 Loaded 36 projects from disk
⏰ GitHub poller started (60 min interval)
INFO:     127.0.0.1:50357 - "GET /health HTTP/1.1" 200 OK
INFO:     127.0.0.1:50412 - "POST /api/private/login HTTP/1.1" 200 OK
INFO:     127.0.0.1:50417 - "GET /api/private/summary HTTP/1.1" 200 OK
INFO:     127.0.0.1:50418 - "GET /api/private/applications HTTP/1.1" 200 OK
INFO:     127.0.0.1:50423 - "GET /api/private/summary HTTP/1.1" 200 OK
INFO:     127.0.0.1:50424 - "GET /api/private/applications HTTP/1.1" 200 OK
INFO:     127.0.0.1:50427 - "GET /api/private/prep HTTP/1.1" 200 OK
INFO:     127.0.0.1:50430 - "GET /api/private/prep HTTP/1.1" 200 OK
INFO:     127.0.0.1:50433 - "GET /api/private/notes HTTP/1.1" 200 OK
INFO:     127.0.0.1:50436 - "GET /api/private/notes HTTP/1.1" 200 OK
INFO:     127.0.0.1:50439 - "GET /api/private/applications HTTP/1.1" 200 OK
INFO:     127.0.0.1:50442 - "GET /api/private/applications HTTP/1.1" 200 OK
INFO:     127.0.0.1:50460 - "GET /api/private/summary HTTP/1.1" 200 OK
INFO:     127.0.0.1:50461 - "GET /api/private/applications HTTP/1.1" 200 OK
INFO:     127.0.0.1:50464 - "GET /api/private/summary HTTP/1.1" 200 OK
INFO:     127.0.0.1:50465 - "GET /api/private/applications HTTP/1.1" 200 OK
INFO:     127.0.0.1:50737 - "GET /api/private/summary HTTP/1.1" 200 OK
INFO:     127.0.0.1:50739 - "GET /api/private/applications HTTP/1.1" 200 OK
INFO:     127.0.0.1:50743 - "GET /api/private/summary HTTP/1.1" 200 OK
INFO:     127.0.0.1:50745 - "GET /api/private/applications HTTP/1.1" 200 OK
Run time of job "poll_github (trigger: interval[1:00:00], next run at: 2026-07-30 18:09:51 PKT)" was missed by 0:09:10.981316
INFO:     127.0.0.1:51203 - "GET /api/private/summary HTTP/1.1" 200 OK
INFO:     127.0.0.1:51204 - "GET /api/private/applications HTTP/1.1" 200 OK
INFO:     127.0.0.1:51208 - "GET /api/private/summary HTTP/1.1" 200 OK
INFO:     127.0.0.1:51210 - "GET /api/private/applications HTTP/1.1" 200 OK
WARNING:  WatchFiles detected changes in 'private_model.py'. Reloading...
INFO:     Shutting down
INFO:     Waiting for application shutdown.
INFO:     Application shutdown complete.
INFO:     Finished server process [8180]
/Users/saudahmad/Desktop/portfolio/portfolio/myenv/lib/python3.13/site-packages/sklearn/base.py:525: InconsistentVersionWarning: Trying to unpickle estimator LogisticRegression from version 1.5.2 when using version 1.9.0. This might lead to breaking code or invalid results. Use at your own risk. For more info please refer to:
https://scikit-learn.org/stable/model_persistence.html#security-maintainability-limitations
  warnings.warn(
/Users/saudahmad/Desktop/portfolio/portfolio/myenv/lib/python3.13/site-packages/sklearn/base.py:525: InconsistentVersionWarning: Trying to unpickle estimator StandardScaler from version 1.5.2 when using version 1.9.0. This might lead to breaking code or invalid results. Use at your own risk. For more info please refer to:
https://scikit-learn.org/stable/model_persistence.html#security-maintainability-limitations
  warnings.warn(
/Users/saudahmad/Desktop/portfolio/portfolio/myenv/lib/python3.13/site-packages/sklearn/base.py:525: InconsistentVersionWarning: Trying to unpickle estimator DecisionTreeClassifier from version 1.5.2 when using version 1.9.0. This might lead to breaking code or invalid results. Use at your own risk. For more info please refer to:
https://scikit-learn.org/stable/model_persistence.html#security-maintainability-limitations
  warnings.warn(
/Users/saudahmad/Desktop/portfolio/portfolio/myenv/lib/python3.13/site-packages/sklearn/base.py:525: InconsistentVersionWarning: Trying to unpickle estimator RandomForestClassifier from version 1.5.2 when using version 1.9.0. This might lead to breaking code or invalid results. Use at your own risk. For more info please refer to:
https://scikit-learn.org/stable/model_persistence.html#security-maintainability-limitations
  warnings.warn(
WARNING:  WatchFiles detected changes in 'private_model.py'. Reloading...
/Users/saudahmad/Desktop/portfolio/portfolio/myenv/lib/python3.13/site-packages/sklearn/base.py:525: InconsistentVersionWarning: Trying to unpickle estimator Pipeline from version 1.5.2 when using version 1.9.0. This might lead to breaking code or invalid results. Use at your own risk. For more info please refer to:
https://scikit-learn.org/stable/model_persistence.html#security-maintainability-limitations
  warnings.warn(
/usr/local/Cellar/python@3.13/3.13.9_1/Frameworks/Python.framework/Versions/3.13/lib/python3.13/pickle.py:1760: UserWarning: [18:33:24] WARNING: /Users/runner/work/xgboost/xgboost/src/gbm/../common/error_msg.h:83: If you are loading a serialized model (like pickle in Python, RDS in R) or
configuration generated by an older version of XGBoost, please export the model by calling
`Booster.save_model` from that version first, then load it back in current version. See:

    https://xgboost.readthedocs.io/en/stable/tutorials/saving_model.html

for more details about differences between saving model and serializing.

  setstate(state)
/Users/saudahmad/Desktop/portfolio/portfolio/myenv/lib/python3.13/site-packages/sklearn/base.py:525: InconsistentVersionWarning: Trying to unpickle estimator Lasso from version 1.5.2 when using version 1.9.0. This might lead to breaking code or invalid results. Use at your own risk. For more info please refer to:
https://scikit-learn.org/stable/model_persistence.html#security-maintainability-limitations
  warnings.warn(
INFO:     Started server process [10587]
INFO:     Waiting for application startup.
INFO:     Application startup complete.
/Users/saudahmad/Desktop/portfolio/portfolio/myenv/lib/python3.13/site-packages/sklearn/base.py:525: InconsistentVersionWarning: Trying to unpickle estimator LogisticRegression from version 1.5.2 when using version 1.9.0. This might lead to breaking code or invalid results. Use at your own risk. For more info please refer to:
https://scikit-learn.org/stable/model_persistence.html#security-maintainability-limitations
  warnings.warn(
/Users/saudahmad/Desktop/portfolio/portfolio/myenv/lib/python3.13/site-packages/sklearn/base.py:525: InconsistentVersionWarning: Trying to unpickle estimator StandardScaler from version 1.5.2 when using version 1.9.0. This might lead to breaking code or invalid results. Use at your own risk. For more info please refer to:
https://scikit-learn.org/stable/model_persistence.html#security-maintainability-limitations
  warnings.warn(
/Users/saudahmad/Desktop/portfolio/portfolio/myenv/lib/python3.13/site-packages/sklearn/base.py:525: InconsistentVersionWarning: Trying to unpickle estimator DecisionTreeClassifier from version 1.5.2 when using version 1.9.0. This might lead to breaking code or invalid results. Use at your own risk. For more info please refer to:
https://scikit-learn.org/stable/model_persistence.html#security-maintainability-limitations
  warnings.warn(
/Users/saudahmad/Desktop/portfolio/portfolio/myenv/lib/python3.13/site-packages/sklearn/base.py:525: InconsistentVersionWarning: Trying to unpickle estimator RandomForestClassifier from version 1.5.2 when using version 1.9.0. This might lead to breaking code or invalid results. Use at your own risk. For more info please refer to:
https://scikit-learn.org/stable/model_persistence.html#security-maintainability-limitations
  warnings.warn(
/Users/saudahmad/Desktop/portfolio/portfolio/myenv/lib/python3.13/site-packages/sklearn/base.py:525: InconsistentVersionWarning: Trying to unpickle estimator Pipeline from version 1.5.2 when using version 1.9.0. This might lead to breaking code or invalid results. Use at your own risk. For more info please refer to:
https://scikit-learn.org/stable/model_persistence.html#security-maintainability-limitations
  warnings.warn(
/usr/local/Cellar/python@3.13/3.13.9_1/Frameworks/Python.framework/Versions/3.13/lib/python3.13/pickle.py:1760: UserWarning: [18:33:31] WARNING: /Users/runner/work/xgboost/xgboost/src/gbm/../common/error_msg.h:83: If you are loading a serialized model (like pickle in Python, RDS in R) or
configuration generated by an older version of XGBoost, please export the model by calling
`Booster.save_model` from that version first, then load it back in current version. See:

    https://xgboost.readthedocs.io/en/stable/tutorials/saving_model.html

for more details about differences between saving model and serializing.

  setstate(state)
/Users/saudahmad/Desktop/portfolio/portfolio/myenv/lib/python3.13/site-packages/sklearn/base.py:525: InconsistentVersionWarning: Trying to unpickle estimator Lasso from version 1.5.2 when using version 1.9.0. This might lead to breaking code or invalid results. Use at your own risk. For more info please refer to:
https://scikit-learn.org/stable/model_persistence.html#security-maintainability-limitations
  warnings.warn(
INFO:     Started server process [10597]
INFO:     Waiting for application startup.
INFO:     Application startup complete.
WARNING:  WatchFiles detected changes in 'private_model.py'. Reloading...
INFO:     Shutting down
INFO:     Waiting for application shutdown.
INFO:     Application shutdown complete.
INFO:     Finished server process [10597]
/Users/saudahmad/Desktop/portfolio/portfolio/myenv/lib/python3.13/site-packages/sklearn/base.py:525: InconsistentVersionWarning: Trying to unpickle estimator LogisticRegression from version 1.5.2 when using version 1.9.0. This might lead to breaking code or invalid results. Use at your own risk. For more info please refer to:
https://scikit-learn.org/stable/model_persistence.html#security-maintainability-limitations
  warnings.warn(
/Users/saudahmad/Desktop/portfolio/portfolio/myenv/lib/python3.13/site-packages/sklearn/base.py:525: InconsistentVersionWarning: Trying to unpickle estimator StandardScaler from version 1.5.2 when using version 1.9.0. This might lead to breaking code or invalid results. Use at your own risk. For more info please refer to:
https://scikit-learn.org/stable/model_persistence.html#security-maintainability-limitations
  warnings.warn(
/Users/saudahmad/Desktop/portfolio/portfolio/myenv/lib/python3.13/site-packages/sklearn/base.py:525: InconsistentVersionWarning: Trying to unpickle estimator DecisionTreeClassifier from version 1.5.2 when using version 1.9.0. This might lead to breaking code or invalid results. Use at your own risk. For more info please refer to:
https://scikit-learn.org/stable/model_persistence.html#security-maintainability-limitations
  warnings.warn(
/Users/saudahmad/Desktop/portfolio/portfolio/myenv/lib/python3.13/site-packages/sklearn/base.py:525: InconsistentVersionWarning: Trying to unpickle estimator RandomForestClassifier from version 1.5.2 when using version 1.9.0. This might lead to breaking code or invalid results. Use at your own risk. For more info please refer to:
https://scikit-learn.org/stable/model_persistence.html#security-maintainability-limitations
  warnings.warn(
/Users/saudahmad/Desktop/portfolio/portfolio/myenv/lib/python3.13/site-packages/sklearn/base.py:525: InconsistentVersionWarning: Trying to unpickle estimator Pipeline from version 1.5.2 when using version 1.9.0. This might lead to breaking code or invalid results. Use at your own risk. For more info please refer to:
https://scikit-learn.org/stable/model_persistence.html#security-maintainability-limitations
  warnings.warn(
/usr/local/Cellar/python@3.13/3.13.9_1/Frameworks/Python.framework/Versions/3.13/lib/python3.13/pickle.py:1760: UserWarning: [18:33:49] WARNING: /Users/runner/work/xgboost/xgboost/src/gbm/../common/error_msg.h:83: If you are loading a serialized model (like pickle in Python, RDS in R) or
configuration generated by an older version of XGBoost, please export the model by calling
`Booster.save_model` from that version first, then load it back in current version. See:

    https://xgboost.readthedocs.io/en/stable/tutorials/saving_model.html

for more details about differences between saving model and serializing.

  setstate(state)
/Users/saudahmad/Desktop/portfolio/portfolio/myenv/lib/python3.13/site-packages/sklearn/base.py:525: InconsistentVersionWarning: Trying to unpickle estimator Lasso from version 1.5.2 when using version 1.9.0. This might lead to breaking code or invalid results. Use at your own risk. For more info please refer to:
https://scikit-learn.org/stable/model_persistence.html#security-maintainability-limitations
  warnings.warn(
INFO:     Started server process [10607]
INFO:     Waiting for application startup.
INFO:     Application startup complete.
⚠️ sentiment_model router skipped: No module named 'torch'
⚠️ anomaly_model router skipped: No module named 'torch'
⚠️ clip_search_model router skipped: No module named 'torch'
⚠️ mini_llava_model router skipped: No module named 'torch'
⚠️ diffusion_gan_model router skipped: No module named 'torch'
⚠️ gpt2_lora_model router skipped: No module named 'torch'
⚠️ rag_model router skipped: No module named 'sentence_transformers'
✅ Loaded cv_collection
✅ Loaded github_collection
👀 Watching data for changes...
💾 Loaded 36 projects from disk
⏰ GitHub poller started (60 min interval)
INFO:     127.0.0.1:51455 - "GET /api/private/summary HTTP/1.1" 500 Internal Server Error
INFO:     127.0.0.1:51456 - "GET /api/private/applications HTTP/1.1" 500 Internal Server Error
INFO:     127.0.0.1:51551 - "POST /api/private/login HTTP/1.1" 500 Internal Server Error
INFO:     127.0.0.1:51555 - "POST /api/private/login HTTP/1.1" 500 Internal Server Error
INFO:     127.0.0.1:51573 - "POST /api/private/login HTTP/1.1" 500 Internal Server Error
WARNING:  WatchFiles detected changes in 'main.py'. Reloading...
INFO:     Shutting down
INFO:     Waiting for application shutdown.
INFO:     Application shutdown complete.
INFO:     Finished server process [10607]
WARNING:  WatchFiles detected changes in 'main.py'. Reloading...
/Users/saudahmad/Desktop/portfolio/portfolio/myenv/lib/python3.13/site-packages/sklearn/base.py:525: InconsistentVersionWarning: Trying to unpickle estimator LogisticRegression from version 1.5.2 when using version 1.9.0. This might lead to breaking code or invalid results. Use at your own risk. For more info please refer to:
https://scikit-learn.org/stable/model_persistence.html#security-maintainability-limitations
  warnings.warn(
/Users/saudahmad/Desktop/portfolio/portfolio/myenv/lib/python3.13/site-packages/sklearn/base.py:525: InconsistentVersionWarning: Trying to unpickle estimator StandardScaler from version 1.5.2 when using version 1.9.0. This might lead to breaking code or invalid results. Use at your own risk. For more info please refer to:
https://scikit-learn.org/stable/model_persistence.html#security-maintainability-limitations
  warnings.warn(
/Users/saudahmad/Desktop/portfolio/portfolio/myenv/lib/python3.13/site-packages/sklearn/base.py:525: InconsistentVersionWarning: Trying to unpickle estimator DecisionTreeClassifier from version 1.5.2 when using version 1.9.0. This might lead to breaking code or invalid results. Use at your own risk. For more info please refer to:
https://scikit-learn.org/stable/model_persistence.html#security-maintainability-limitations
  warnings.warn(
/Users/saudahmad/Desktop/portfolio/portfolio/myenv/lib/python3.13/site-packages/sklearn/base.py:525: InconsistentVersionWarning: Trying to unpickle estimator RandomForestClassifier from version 1.5.2 when using version 1.9.0. This might lead to breaking code or invalid results. Use at your own risk. For more info please refer to:
https://scikit-learn.org/stable/model_persistence.html#security-maintainability-limitations
  warnings.warn(
/Users/saudahmad/Desktop/portfolio/portfolio/myenv/lib/python3.13/site-packages/sklearn/base.py:525: InconsistentVersionWarning: Trying to unpickle estimator Pipeline from version 1.5.2 when using version 1.9.0. This might lead to breaking code or invalid results. Use at your own risk. For more info please refer to:
https://scikit-learn.org/stable/model_persistence.html#security-maintainability-limitations
  warnings.warn(
/usr/local/Cellar/python@3.13/3.13.9_1/Frameworks/Python.framework/Versions/3.13/lib/python3.13/pickle.py:1760: UserWarning: [23:34:22] WARNING: /Users/runner/work/xgboost/xgboost/src/gbm/../common/error_msg.h:83: If you are loading a serialized model (like pickle in Python, RDS in R) or
configuration generated by an older version of XGBoost, please export the model by calling
`Booster.save_model` from that version first, then load it back in current version. See:

    https://xgboost.readthedocs.io/en/stable/tutorials/saving_model.html

for more details about differences between saving model and serializing.

  setstate(state)
/Users/saudahmad/Desktop/portfolio/portfolio/myenv/lib/python3.13/site-packages/sklearn/base.py:525: InconsistentVersionWarning: Trying to unpickle estimator Lasso from version 1.5.2 when using version 1.9.0. This might lead to breaking code or invalid results. Use at your own risk. For more info please refer to:
https://scikit-learn.org/stable/model_persistence.html#security-maintainability-limitations
  warnings.warn(
INFO:     Started server process [13881]
INFO:     Waiting for application startup.
INFO:     Application startup complete.
WARNING:  WatchFiles detected changes in 'main.py'. Reloading...
/Users/saudahmad/Desktop/portfolio/portfolio/myenv/lib/python3.13/site-packages/sklearn/base.py:525: InconsistentVersionWarning: Trying to unpickle estimator LogisticRegression from version 1.5.2 when using version 1.9.0. This might lead to breaking code or invalid results. Use at your own risk. For more info please refer to:
https://scikit-learn.org/stable/model_persistence.html#security-maintainability-limitations
  warnings.warn(
/Users/saudahmad/Desktop/portfolio/portfolio/myenv/lib/python3.13/site-packages/sklearn/base.py:525: InconsistentVersionWarning: Trying to unpickle estimator StandardScaler from version 1.5.2 when using version 1.9.0. This might lead to breaking code or invalid results. Use at your own risk. For more info please refer to:
https://scikit-learn.org/stable/model_persistence.html#security-maintainability-limitations
  warnings.warn(
/Users/saudahmad/Desktop/portfolio/portfolio/myenv/lib/python3.13/site-packages/sklearn/base.py:525: InconsistentVersionWarning: Trying to unpickle estimator DecisionTreeClassifier from version 1.5.2 when using version 1.9.0. This might lead to breaking code or invalid results. Use at your own risk. For more info please refer to:
https://scikit-learn.org/stable/model_persistence.html#security-maintainability-limitations
  warnings.warn(
/Users/saudahmad/Desktop/portfolio/portfolio/myenv/lib/python3.13/site-packages/sklearn/base.py:525: InconsistentVersionWarning: Trying to unpickle estimator RandomForestClassifier from version 1.5.2 when using version 1.9.0. This might lead to breaking code or invalid results. Use at your own risk. For more info please refer to:
https://scikit-learn.org/stable/model_persistence.html#security-maintainability-limitations
  warnings.warn(
/Users/saudahmad/Desktop/portfolio/portfolio/myenv/lib/python3.13/site-packages/sklearn/base.py:525: InconsistentVersionWarning: Trying to unpickle estimator Pipeline from version 1.5.2 when using version 1.9.0. This might lead to breaking code or invalid results. Use at your own risk. For more info please refer to:
https://scikit-learn.org/stable/model_persistence.html#security-maintainability-limitations
  warnings.warn(
/usr/local/Cellar/python@3.13/3.13.9_1/Frameworks/Python.framework/Versions/3.13/lib/python3.13/pickle.py:1760: UserWarning: [23:34:35] WARNING: /Users/runner/work/xgboost/xgboost/src/gbm/../common/error_msg.h:83: If you are loading a serialized model (like pickle in Python, RDS in R) or
configuration generated by an older version of XGBoost, please export the model by calling
`Booster.save_model` from that version first, then load it back in current version. See:

    https://xgboost.readthedocs.io/en/stable/tutorials/saving_model.html

for more details about differences between saving model and serializing.

  setstate(state)
/Users/saudahmad/Desktop/portfolio/portfolio/myenv/lib/python3.13/site-packages/sklearn/base.py:525: InconsistentVersionWarning: Trying to unpickle estimator Lasso from version 1.5.2 when using version 1.9.0. This might lead to breaking code or invalid results. Use at your own risk. For more info please refer to:
https://scikit-learn.org/stable/model_persistence.html#security-maintainability-limitations
  warnings.warn(
INFO:     Started server process [13896]
INFO:     Waiting for application startup.
INFO:     Application startup complete.
/Users/saudahmad/Desktop/portfolio/portfolio/myenv/lib/python3.13/site-packages/sklearn/base.py:525: InconsistentVersionWarning: Trying to unpickle estimator LogisticRegression from version 1.5.2 when using version 1.9.0. This might lead to breaking code or invalid results. Use at your own risk. For more info please refer to:
https://scikit-learn.org/stable/model_persistence.html#security-maintainability-limitations
  warnings.warn(
/Users/saudahmad/Desktop/portfolio/portfolio/myenv/lib/python3.13/site-packages/sklearn/base.py:525: InconsistentVersionWarning: Trying to unpickle estimator StandardScaler from version 1.5.2 when using version 1.9.0. This might lead to breaking code or invalid results. Use at your own risk. For more info please refer to:
https://scikit-learn.org/stable/model_persistence.html#security-maintainability-limitations
  warnings.warn(
/Users/saudahmad/Desktop/portfolio/portfolio/myenv/lib/python3.13/site-packages/sklearn/base.py:525: InconsistentVersionWarning: Trying to unpickle estimator DecisionTreeClassifier from version 1.5.2 when using version 1.9.0. This might lead to breaking code or invalid results. Use at your own risk. For more info please refer to:
https://scikit-learn.org/stable/model_persistence.html#security-maintainability-limitations
  warnings.warn(
/Users/saudahmad/Desktop/portfolio/portfolio/myenv/lib/python3.13/site-packages/sklearn/base.py:525: InconsistentVersionWarning: Trying to unpickle estimator RandomForestClassifier from version 1.5.2 when using version 1.9.0. This might lead to breaking code or invalid results. Use at your own risk. For more info please refer to:
https://scikit-learn.org/stable/model_persistence.html#security-maintainability-limitations
  warnings.warn(
/Users/saudahmad/Desktop/portfolio/portfolio/myenv/lib/python3.13/site-packages/sklearn/base.py:525: InconsistentVersionWarning: Trying to unpickle estimator Pipeline from version 1.5.2 when using version 1.9.0. This might lead to breaking code or invalid results. Use at your own risk. For more info please refer to:
https://scikit-learn.org/stable/model_persistence.html#security-maintainability-limitations
  warnings.warn(
/usr/local/Cellar/python@3.13/3.13.9_1/Frameworks/Python.framework/Versions/3.13/lib/python3.13/pickle.py:1760: UserWarning: [23:34:48] WARNING: /Users/runner/work/xgboost/xgboost/src/gbm/../common/error_msg.h:83: If you are loading a serialized model (like pickle in Python, RDS in R) or
configuration generated by an older version of XGBoost, please export the model by calling
`Booster.save_model` from that version first, then load it back in current version. See:

    https://xgboost.readthedocs.io/en/stable/tutorials/saving_model.html

for more details about differences between saving model and serializing.

  setstate(state)
/Users/saudahmad/Desktop/portfolio/portfolio/myenv/lib/python3.13/site-packages/sklearn/base.py:525: InconsistentVersionWarning: Trying to unpickle estimator Lasso from version 1.5.2 when using version 1.9.0. This might lead to breaking code or invalid results. Use at your own risk. For more info please refer to:
https://scikit-learn.org/stable/model_persistence.html#security-maintainability-limitations
  warnings.warn(
INFO:     Started server process [13909]
INFO:     Waiting for application startup.
INFO:     Application startup complete.
⚠️ sentiment_model router skipped: No module named 'torch'
⚠️ anomaly_model router skipped: No module named 'torch'
⚠️ clip_search_model router skipped: No module named 'torch'
⚠️ mini_llava_model router skipped: No module named 'torch'
⚠️ diffusion_gan_model router skipped: No module named 'torch'
⚠️ gpt2_lora_model router skipped: No module named 'torch'
⚠️ rag_model router skipped: No module named 'sentence_transformers'
✅ Loaded cv_collection
✅ Loaded github_collection
👀 Watching data for changes...
💾 Loaded 36 projects from disk
⏰ GitHub poller started (60 min interval)
INFO:     127.0.0.1:52793 - "GET /health HTTP/1.1" 200 OK
INFO:     127.0.0.1:52797 - "POST /api/voice/chat HTTP/1.1" 400 Bad Request
INFO:     127.0.0.1:52808 - "POST /api/voice/chat HTTP/1.1" 200 OK
INFO:     127.0.0.1:52816 - "POST /api/voice/chat?session_id=9707c648-d18a-4fe1-9c59-9ab5521ffc7b HTTP/1.1" 200 OK
INFO:     127.0.0.1:52840 - "POST /chat/stream HTTP/1.1" 200 OK
INFO:     127.0.0.1:52845 - "POST /api/voice/chat?session_id=9707c648-d18a-4fe1-9c59-9ab5521ffc7b HTTP/1.1" 200 OK
INFO:     127.0.0.1:52849 - "GET /health HTTP/1.1" 200 OK
WARNING:  WatchFiles detected changes in 'main.py'. Reloading...
INFO:     Shutting down
INFO:     Waiting for application shutdown.
INFO:     Application shutdown complete.
INFO:     Finished server process [13909]
WARNING:  WatchFiles detected changes in 'main.py'. Reloading...
/Users/saudahmad/Desktop/portfolio/portfolio/myenv/lib/python3.13/site-packages/sklearn/base.py:525: InconsistentVersionWarning: Trying to unpickle estimator LogisticRegression from version 1.5.2 when using version 1.9.0. This might lead to breaking code or invalid results. Use at your own risk. For more info please refer to:
https://scikit-learn.org/stable/model_persistence.html#security-maintainability-limitations
  warnings.warn(
/Users/saudahmad/Desktop/portfolio/portfolio/myenv/lib/python3.13/site-packages/sklearn/base.py:525: InconsistentVersionWarning: Trying to unpickle estimator StandardScaler from version 1.5.2 when using version 1.9.0. This might lead to breaking code or invalid results. Use at your own risk. For more info please refer to:
https://scikit-learn.org/stable/model_persistence.html#security-maintainability-limitations
  warnings.warn(
/Users/saudahmad/Desktop/portfolio/portfolio/myenv/lib/python3.13/site-packages/sklearn/base.py:525: InconsistentVersionWarning: Trying to unpickle estimator DecisionTreeClassifier from version 1.5.2 when using version 1.9.0. This might lead to breaking code or invalid results. Use at your own risk. For more info please refer to:
https://scikit-learn.org/stable/model_persistence.html#security-maintainability-limitations
  warnings.warn(
/Users/saudahmad/Desktop/portfolio/portfolio/myenv/lib/python3.13/site-packages/sklearn/base.py:525: InconsistentVersionWarning: Trying to unpickle estimator RandomForestClassifier from version 1.5.2 when using version 1.9.0. This might lead to breaking code or invalid results. Use at your own risk. For more info please refer to:
https://scikit-learn.org/stable/model_persistence.html#security-maintainability-limitations
  warnings.warn(
/Users/saudahmad/Desktop/portfolio/portfolio/myenv/lib/python3.13/site-packages/sklearn/base.py:525: InconsistentVersionWarning: Trying to unpickle estimator Pipeline from version 1.5.2 when using version 1.9.0. This might lead to breaking code or invalid results. Use at your own risk. For more info please refer to:
https://scikit-learn.org/stable/model_persistence.html#security-maintainability-limitations
  warnings.warn(
/usr/local/Cellar/python@3.13/3.13.9_1/Frameworks/Python.framework/Versions/3.13/lib/python3.13/pickle.py:1760: UserWarning: [23:45:57] WARNING: /Users/runner/work/xgboost/xgboost/src/gbm/../common/error_msg.h:83: If you are loading a serialized model (like pickle in Python, RDS in R) or
configuration generated by an older version of XGBoost, please export the model by calling
`Booster.save_model` from that version first, then load it back in current version. See:

    https://xgboost.readthedocs.io/en/stable/tutorials/saving_model.html

for more details about differences between saving model and serializing.

  setstate(state)
/Users/saudahmad/Desktop/portfolio/portfolio/myenv/lib/python3.13/site-packages/sklearn/base.py:525: InconsistentVersionWarning: Trying to unpickle estimator Lasso from version 1.5.2 when using version 1.9.0. This might lead to breaking code or invalid results. Use at your own risk. For more info please refer to:
https://scikit-learn.org/stable/model_persistence.html#security-maintainability-limitations
  warnings.warn(
INFO:     Started server process [14151]
INFO:     Waiting for application startup.
INFO:     Application startup complete.
WARNING:  WatchFiles detected changes in 'main.py'. Reloading...
/Users/saudahmad/Desktop/portfolio/portfolio/myenv/lib/python3.13/site-packages/sklearn/base.py:525: InconsistentVersionWarning: Trying to unpickle estimator LogisticRegression from version 1.5.2 when using version 1.9.0. This might lead to breaking code or invalid results. Use at your own risk. For more info please refer to:
https://scikit-learn.org/stable/model_persistence.html#security-maintainability-limitations
  warnings.warn(
/Users/saudahmad/Desktop/portfolio/portfolio/myenv/lib/python3.13/site-packages/sklearn/base.py:525: InconsistentVersionWarning: Trying to unpickle estimator StandardScaler from version 1.5.2 when using version 1.9.0. This might lead to breaking code or invalid results. Use at your own risk. For more info please refer to:
https://scikit-learn.org/stable/model_persistence.html#security-maintainability-limitations
  warnings.warn(
/Users/saudahmad/Desktop/portfolio/portfolio/myenv/lib/python3.13/site-packages/sklearn/base.py:525: InconsistentVersionWarning: Trying to unpickle estimator DecisionTreeClassifier from version 1.5.2 when using version 1.9.0. This might lead to breaking code or invalid results. Use at your own risk. For more info please refer to:
https://scikit-learn.org/stable/model_persistence.html#security-maintainability-limitations
  warnings.warn(
/Users/saudahmad/Desktop/portfolio/portfolio/myenv/lib/python3.13/site-packages/sklearn/base.py:525: InconsistentVersionWarning: Trying to unpickle estimator RandomForestClassifier from version 1.5.2 when using version 1.9.0. This might lead to breaking code or invalid results. Use at your own risk. For more info please refer to:
https://scikit-learn.org/stable/model_persistence.html#security-maintainability-limitations
  warnings.warn(
/Users/saudahmad/Desktop/portfolio/portfolio/myenv/lib/python3.13/site-packages/sklearn/base.py:525: InconsistentVersionWarning: Trying to unpickle estimator Pipeline from version 1.5.2 when using version 1.9.0. This might lead to breaking code or invalid results. Use at your own risk. For more info please refer to:
https://scikit-learn.org/stable/model_persistence.html#security-maintainability-limitations
  warnings.warn(
/usr/local/Cellar/python@3.13/3.13.9_1/Frameworks/Python.framework/Versions/3.13/lib/python3.13/pickle.py:1760: UserWarning: [23:46:08] WARNING: /Users/runner/work/xgboost/xgboost/src/gbm/../common/error_msg.h:83: If you are loading a serialized model (like pickle in Python, RDS in R) or
configuration generated by an older version of XGBoost, please export the model by calling
`Booster.save_model` from that version first, then load it back in current version. See:

    https://xgboost.readthedocs.io/en/stable/tutorials/saving_model.html

for more details about differences between saving model and serializing.

  setstate(state)
/Users/saudahmad/Desktop/portfolio/portfolio/myenv/lib/python3.13/site-packages/sklearn/base.py:525: InconsistentVersionWarning: Trying to unpickle estimator Lasso from version 1.5.2 when using version 1.9.0. This might lead to breaking code or invalid results. Use at your own risk. For more info please refer to:
https://scikit-learn.org/stable/model_persistence.html#security-maintainability-limitations
  warnings.warn(
INFO:     Started server process [14161]
INFO:     Waiting for application startup.
INFO:     Application startup complete.
WARNING:  WatchFiles detected changes in 'main.py'. Reloading...
/Users/saudahmad/Desktop/portfolio/portfolio/myenv/lib/python3.13/site-packages/sklearn/base.py:525: InconsistentVersionWarning: Trying to unpickle estimator LogisticRegression from version 1.5.2 when using version 1.9.0. This might lead to breaking code or invalid results. Use at your own risk. For more info please refer to:
https://scikit-learn.org/stable/model_persistence.html#security-maintainability-limitations
  warnings.warn(
/Users/saudahmad/Desktop/portfolio/portfolio/myenv/lib/python3.13/site-packages/sklearn/base.py:525: InconsistentVersionWarning: Trying to unpickle estimator StandardScaler from version 1.5.2 when using version 1.9.0. This might lead to breaking code or invalid results. Use at your own risk. For more info please refer to:
https://scikit-learn.org/stable/model_persistence.html#security-maintainability-limitations
  warnings.warn(
/Users/saudahmad/Desktop/portfolio/portfolio/myenv/lib/python3.13/site-packages/sklearn/base.py:525: InconsistentVersionWarning: Trying to unpickle estimator DecisionTreeClassifier from version 1.5.2 when using version 1.9.0. This might lead to breaking code or invalid results. Use at your own risk. For more info please refer to:
https://scikit-learn.org/stable/model_persistence.html#security-maintainability-limitations
  warnings.warn(
/Users/saudahmad/Desktop/portfolio/portfolio/myenv/lib/python3.13/site-packages/sklearn/base.py:525: InconsistentVersionWarning: Trying to unpickle estimator RandomForestClassifier from version 1.5.2 when using version 1.9.0. This might lead to breaking code or invalid results. Use at your own risk. For more info please refer to:
https://scikit-learn.org/stable/model_persistence.html#security-maintainability-limitations
  warnings.warn(
/Users/saudahmad/Desktop/portfolio/portfolio/myenv/lib/python3.13/site-packages/sklearn/base.py:525: InconsistentVersionWarning: Trying to unpickle estimator Pipeline from version 1.5.2 when using version 1.9.0. This might lead to breaking code or invalid results. Use at your own risk. For more info please refer to:
https://scikit-learn.org/stable/model_persistence.html#security-maintainability-limitations
  warnings.warn(
/usr/local/Cellar/python@3.13/3.13.9_1/Frameworks/Python.framework/Versions/3.13/lib/python3.13/pickle.py:1760: UserWarning: [23:46:20] WARNING: /Users/runner/work/xgboost/xgboost/src/gbm/../common/error_msg.h:83: If you are loading a serialized model (like pickle in Python, RDS in R) or
configuration generated by an older version of XGBoost, please export the model by calling
`Booster.save_model` from that version first, then load it back in current version. See:

    https://xgboost.readthedocs.io/en/stable/tutorials/saving_model.html

for more details about differences between saving model and serializing.

  setstate(state)
/Users/saudahmad/Desktop/portfolio/portfolio/myenv/lib/python3.13/site-packages/sklearn/base.py:525: InconsistentVersionWarning: Trying to unpickle estimator Lasso from version 1.5.2 when using version 1.9.0. This might lead to breaking code or invalid results. Use at your own risk. For more info please refer to:
https://scikit-learn.org/stable/model_persistence.html#security-maintainability-limitations
  warnings.warn(
INFO:     Started server process [14178]
INFO:     Waiting for application startup.
INFO:     Application startup complete.
/Users/saudahmad/Desktop/portfolio/portfolio/myenv/lib/python3.13/site-packages/sklearn/base.py:525: InconsistentVersionWarning: Trying to unpickle estimator LogisticRegression from version 1.5.2 when using version 1.9.0. This might lead to breaking code or invalid results. Use at your own risk. For more info please refer to:
https://scikit-learn.org/stable/model_persistence.html#security-maintainability-limitations
  warnings.warn(
/Users/saudahmad/Desktop/portfolio/portfolio/myenv/lib/python3.13/site-packages/sklearn/base.py:525: InconsistentVersionWarning: Trying to unpickle estimator StandardScaler from version 1.5.2 when using version 1.9.0. This might lead to breaking code or invalid results. Use at your own risk. For more info please refer to:
https://scikit-learn.org/stable/model_persistence.html#security-maintainability-limitations
  warnings.warn(
/Users/saudahmad/Desktop/portfolio/portfolio/myenv/lib/python3.13/site-packages/sklearn/base.py:525: InconsistentVersionWarning: Trying to unpickle estimator DecisionTreeClassifier from version 1.5.2 when using version 1.9.0. This might lead to breaking code or invalid results. Use at your own risk. For more info please refer to:
https://scikit-learn.org/stable/model_persistence.html#security-maintainability-limitations
  warnings.warn(
/Users/saudahmad/Desktop/portfolio/portfolio/myenv/lib/python3.13/site-packages/sklearn/base.py:525: InconsistentVersionWarning: Trying to unpickle estimator RandomForestClassifier from version 1.5.2 when using version 1.9.0. This might lead to breaking code or invalid results. Use at your own risk. For more info please refer to:
https://scikit-learn.org/stable/model_persistence.html#security-maintainability-limitations
  warnings.warn(
/Users/saudahmad/Desktop/portfolio/portfolio/myenv/lib/python3.13/site-packages/sklearn/base.py:525: InconsistentVersionWarning: Trying to unpickle estimator Pipeline from version 1.5.2 when using version 1.9.0. This might lead to breaking code or invalid results. Use at your own risk. For more info please refer to:
https://scikit-learn.org/stable/model_persistence.html#security-maintainability-limitations
  warnings.warn(
/usr/local/Cellar/python@3.13/3.13.9_1/Frameworks/Python.framework/Versions/3.13/lib/python3.13/pickle.py:1760: UserWarning: [23:46:32] WARNING: /Users/runner/work/xgboost/xgboost/src/gbm/../common/error_msg.h:83: If you are loading a serialized model (like pickle in Python, RDS in R) or
configuration generated by an older version of XGBoost, please export the model by calling
`Booster.save_model` from that version first, then load it back in current version. See:

    https://xgboost.readthedocs.io/en/stable/tutorials/saving_model.html

for more details about differences between saving model and serializing.

  setstate(state)
/Users/saudahmad/Desktop/portfolio/portfolio/myenv/lib/python3.13/site-packages/sklearn/base.py:525: InconsistentVersionWarning: Trying to unpickle estimator Lasso from version 1.5.2 when using version 1.9.0. This might lead to breaking code or invalid results. Use at your own risk. For more info please refer to:
https://scikit-learn.org/stable/model_persistence.html#security-maintainability-limitations
  warnings.warn(
INFO:     Started server process [14188]
INFO:     Waiting for application startup.
INFO:     Application startup complete.
⚠️ sentiment_model router skipped: No module named 'torch'
⚠️ anomaly_model router skipped: No module named 'torch'
⚠️ clip_search_model router skipped: No module named 'torch'
⚠️ mini_llava_model router skipped: No module named 'torch'
⚠️ diffusion_gan_model router skipped: No module named 'torch'
⚠️ gpt2_lora_model router skipped: No module named 'torch'
⚠️ rag_model router skipped: No module named 'sentence_transformers'
✅ Loaded cv_collection
✅ Loaded github_collection
👀 Watching data for changes...
💾 Loaded 36 projects from disk
⏰ GitHub poller started (60 min interval)
INFO:     127.0.0.1:53207 - "GET /health HTTP/1.1" 200 OK
INFO:     127.0.0.1:53211 - "POST /api/voice/chat HTTP/1.1" 200 OK
INFO:     127.0.0.1:53218 - "POST /api/voice/chat?session_id=bd0258b7-14f8-46ee-8c6d-f20738f64123 HTTP/1.1" 200 OK
INFO:     127.0.0.1:53224 - "POST /api/voice/chat?session_id=bd0258b7-14f8-46ee-8c6d-f20738f64123 HTTP/1.1" 200 OK
INFO:     127.0.0.1:53241 - "POST /api/voice/chat?session_id=bd0258b7-14f8-46ee-8c6d-f20738f64123 HTTP/1.1" 200 OK
INFO:     127.0.0.1:53250 - "POST /chat/stream HTTP/1.1" 200 OK
WARNING:  WatchFiles detected changes in 'main.py'. Reloading...
INFO:     Shutting down
INFO:     Waiting for application shutdown.
INFO:     Application shutdown complete.
INFO:     Finished server process [14188]
/Users/saudahmad/Desktop/portfolio/portfolio/myenv/lib/python3.13/site-packages/sklearn/base.py:525: InconsistentVersionWarning: Trying to unpickle estimator LogisticRegression from version 1.5.2 when using version 1.9.0. This might lead to breaking code or invalid results. Use at your own risk. For more info please refer to:
https://scikit-learn.org/stable/model_persistence.html#security-maintainability-limitations
  warnings.warn(
/Users/saudahmad/Desktop/portfolio/portfolio/myenv/lib/python3.13/site-packages/sklearn/base.py:525: InconsistentVersionWarning: Trying to unpickle estimator StandardScaler from version 1.5.2 when using version 1.9.0. This might lead to breaking code or invalid results. Use at your own risk. For more info please refer to:
https://scikit-learn.org/stable/model_persistence.html#security-maintainability-limitations
  warnings.warn(
/Users/saudahmad/Desktop/portfolio/portfolio/myenv/lib/python3.13/site-packages/sklearn/base.py:525: InconsistentVersionWarning: Trying to unpickle estimator DecisionTreeClassifier from version 1.5.2 when using version 1.9.0. This might lead to breaking code or invalid results. Use at your own risk. For more info please refer to:
https://scikit-learn.org/stable/model_persistence.html#security-maintainability-limitations
  warnings.warn(
/Users/saudahmad/Desktop/portfolio/portfolio/myenv/lib/python3.13/site-packages/sklearn/base.py:525: InconsistentVersionWarning: Trying to unpickle estimator RandomForestClassifier from version 1.5.2 when using version 1.9.0. This might lead to breaking code or invalid results. Use at your own risk. For more info please refer to:
https://scikit-learn.org/stable/model_persistence.html#security-maintainability-limitations
  warnings.warn(
/Users/saudahmad/Desktop/portfolio/portfolio/myenv/lib/python3.13/site-packages/sklearn/base.py:525: InconsistentVersionWarning: Trying to unpickle estimator Pipeline from version 1.5.2 when using version 1.9.0. This might lead to breaking code or invalid results. Use at your own risk. For more info please refer to:
https://scikit-learn.org/stable/model_persistence.html#security-maintainability-limitations
  warnings.warn(
/usr/local/Cellar/python@3.13/3.13.9_1/Frameworks/Python.framework/Versions/3.13/lib/python3.13/pickle.py:1760: UserWarning: [23:58:37] WARNING: /Users/runner/work/xgboost/xgboost/src/gbm/../common/error_msg.h:83: If you are loading a serialized model (like pickle in Python, RDS in R) or
configuration generated by an older version of XGBoost, please export the model by calling
`Booster.save_model` from that version first, then load it back in current version. See:

    https://xgboost.readthedocs.io/en/stable/tutorials/saving_model.html

for more details about differences between saving model and serializing.

  setstate(state)
/Users/saudahmad/Desktop/portfolio/portfolio/myenv/lib/python3.13/site-packages/sklearn/base.py:525: InconsistentVersionWarning: Trying to unpickle estimator Lasso from version 1.5.2 when using version 1.9.0. This might lead to breaking code or invalid results. Use at your own risk. For more info please refer to:
https://scikit-learn.org/stable/model_persistence.html#security-maintainability-limitations
  warnings.warn(
INFO:     Started server process [14509]
INFO:     Waiting for application startup.
INFO:     Application startup complete.
WARNING:  WatchFiles detected changes in 'main.py'. Reloading...
INFO:     Shutting down
INFO:     Waiting for application shutdown.
INFO:     Application shutdown complete.
INFO:     Finished server process [14509]
/Users/saudahmad/Desktop/portfolio/portfolio/myenv/lib/python3.13/site-packages/sklearn/base.py:525: InconsistentVersionWarning: Trying to unpickle estimator LogisticRegression from version 1.5.2 when using version 1.9.0. This might lead to breaking code or invalid results. Use at your own risk. For more info please refer to:
https://scikit-learn.org/stable/model_persistence.html#security-maintainability-limitations
  warnings.warn(
/Users/saudahmad/Desktop/portfolio/portfolio/myenv/lib/python3.13/site-packages/sklearn/base.py:525: InconsistentVersionWarning: Trying to unpickle estimator StandardScaler from version 1.5.2 when using version 1.9.0. This might lead to breaking code or invalid results. Use at your own risk. For more info please refer to:
https://scikit-learn.org/stable/model_persistence.html#security-maintainability-limitations
  warnings.warn(
/Users/saudahmad/Desktop/portfolio/portfolio/myenv/lib/python3.13/site-packages/sklearn/base.py:525: InconsistentVersionWarning: Trying to unpickle estimator DecisionTreeClassifier from version 1.5.2 when using version 1.9.0. This might lead to breaking code or invalid results. Use at your own risk. For more info please refer to:
https://scikit-learn.org/stable/model_persistence.html#security-maintainability-limitations
  warnings.warn(
/Users/saudahmad/Desktop/portfolio/portfolio/myenv/lib/python3.13/site-packages/sklearn/base.py:525: InconsistentVersionWarning: Trying to unpickle estimator RandomForestClassifier from version 1.5.2 when using version 1.9.0. This might lead to breaking code or invalid results. Use at your own risk. For more info please refer to:
https://scikit-learn.org/stable/model_persistence.html#security-maintainability-limitations
  warnings.warn(
/Users/saudahmad/Desktop/portfolio/portfolio/myenv/lib/python3.13/site-packages/sklearn/base.py:525: InconsistentVersionWarning: Trying to unpickle estimator Pipeline from version 1.5.2 when using version 1.9.0. This might lead to breaking code or invalid results. Use at your own risk. For more info please refer to:
https://scikit-learn.org/stable/model_persistence.html#security-maintainability-limitations
  warnings.warn(
/usr/local/Cellar/python@3.13/3.13.9_1/Frameworks/Python.framework/Versions/3.13/lib/python3.13/pickle.py:1760: UserWarning: [23:58:48] WARNING: /Users/runner/work/xgboost/xgboost/src/gbm/../common/error_msg.h:83: If you are loading a serialized model (like pickle in Python, RDS in R) or
configuration generated by an older version of XGBoost, please export the model by calling
`Booster.save_model` from that version first, then load it back in current version. See:

    https://xgboost.readthedocs.io/en/stable/tutorials/saving_model.html

for more details about differences between saving model and serializing.

  setstate(state)
/Users/saudahmad/Desktop/portfolio/portfolio/myenv/lib/python3.13/site-packages/sklearn/base.py:525: InconsistentVersionWarning: Trying to unpickle estimator Lasso from version 1.5.2 when using version 1.9.0. This might lead to breaking code or invalid results. Use at your own risk. For more info please refer to:
https://scikit-learn.org/stable/model_persistence.html#security-maintainability-limitations
  warnings.warn(
INFO:     Started server process [14520]
INFO:     Waiting for application startup.
INFO:     Application startup complete.
WARNING:  WatchFiles detected changes in 'main.py'. Reloading...
INFO:     Shutting down
INFO:     Waiting for application shutdown.
INFO:     Application shutdown complete.
INFO:     Finished server process [14520]
WARNING:  WatchFiles detected changes in 'main.py'. Reloading...
/Users/saudahmad/Desktop/portfolio/portfolio/myenv/lib/python3.13/site-packages/sklearn/base.py:525: InconsistentVersionWarning: Trying to unpickle estimator LogisticRegression from version 1.5.2 when using version 1.9.0. This might lead to breaking code or invalid results. Use at your own risk. For more info please refer to:
https://scikit-learn.org/stable/model_persistence.html#security-maintainability-limitations
  warnings.warn(
/Users/saudahmad/Desktop/portfolio/portfolio/myenv/lib/python3.13/site-packages/sklearn/base.py:525: InconsistentVersionWarning: Trying to unpickle estimator StandardScaler from version 1.5.2 when using version 1.9.0. This might lead to breaking code or invalid results. Use at your own risk. For more info please refer to:
https://scikit-learn.org/stable/model_persistence.html#security-maintainability-limitations
  warnings.warn(
/Users/saudahmad/Desktop/portfolio/portfolio/myenv/lib/python3.13/site-packages/sklearn/base.py:525: InconsistentVersionWarning: Trying to unpickle estimator DecisionTreeClassifier from version 1.5.2 when using version 1.9.0. This might lead to breaking code or invalid results. Use at your own risk. For more info please refer to:
https://scikit-learn.org/stable/model_persistence.html#security-maintainability-limitations
  warnings.warn(
/Users/saudahmad/Desktop/portfolio/portfolio/myenv/lib/python3.13/site-packages/sklearn/base.py:525: InconsistentVersionWarning: Trying to unpickle estimator RandomForestClassifier from version 1.5.2 when using version 1.9.0. This might lead to breaking code or invalid results. Use at your own risk. For more info please refer to:
https://scikit-learn.org/stable/model_persistence.html#security-maintainability-limitations
  warnings.warn(
/Users/saudahmad/Desktop/portfolio/portfolio/myenv/lib/python3.13/site-packages/sklearn/base.py:525: InconsistentVersionWarning: Trying to unpickle estimator Pipeline from version 1.5.2 when using version 1.9.0. This might lead to breaking code or invalid results. Use at your own risk. For more info please refer to:
https://scikit-learn.org/stable/model_persistence.html#security-maintainability-limitations
  warnings.warn(
/usr/local/Cellar/python@3.13/3.13.9_1/Frameworks/Python.framework/Versions/3.13/lib/python3.13/pickle.py:1760: UserWarning: [23:59:03] WARNING: /Users/runner/work/xgboost/xgboost/src/gbm/../common/error_msg.h:83: If you are loading a serialized model (like pickle in Python, RDS in R) or
configuration generated by an older version of XGBoost, please export the model by calling
`Booster.save_model` from that version first, then load it back in current version. See:

    https://xgboost.readthedocs.io/en/stable/tutorials/saving_model.html

for more details about differences between saving model and serializing.

  setstate(state)
/Users/saudahmad/Desktop/portfolio/portfolio/myenv/lib/python3.13/site-packages/sklearn/base.py:525: InconsistentVersionWarning: Trying to unpickle estimator Lasso from version 1.5.2 when using version 1.9.0. This might lead to breaking code or invalid results. Use at your own risk. For more info please refer to:
https://scikit-learn.org/stable/model_persistence.html#security-maintainability-limitations
  warnings.warn(
INFO:     Started server process [14532]
INFO:     Waiting for application startup.
INFO:     Application startup complete.
/Users/saudahmad/Desktop/portfolio/portfolio/myenv/lib/python3.13/site-packages/sklearn/base.py:525: InconsistentVersionWarning: Trying to unpickle estimator LogisticRegression from version 1.5.2 when using version 1.9.0. This might lead to breaking code or invalid results. Use at your own risk. For more info please refer to:
https://scikit-learn.org/stable/model_persistence.html#security-maintainability-limitations
  warnings.warn(
/Users/saudahmad/Desktop/portfolio/portfolio/myenv/lib/python3.13/site-packages/sklearn/base.py:525: InconsistentVersionWarning: Trying to unpickle estimator StandardScaler from version 1.5.2 when using version 1.9.0. This might lead to breaking code or invalid results. Use at your own risk. For more info please refer to:
https://scikit-learn.org/stable/model_persistence.html#security-maintainability-limitations
  warnings.warn(
/Users/saudahmad/Desktop/portfolio/portfolio/myenv/lib/python3.13/site-packages/sklearn/base.py:525: InconsistentVersionWarning: Trying to unpickle estimator DecisionTreeClassifier from version 1.5.2 when using version 1.9.0. This might lead to breaking code or invalid results. Use at your own risk. For more info please refer to:
https://scikit-learn.org/stable/model_persistence.html#security-maintainability-limitations
  warnings.warn(
/Users/saudahmad/Desktop/portfolio/portfolio/myenv/lib/python3.13/site-packages/sklearn/base.py:525: InconsistentVersionWarning: Trying to unpickle estimator RandomForestClassifier from version 1.5.2 when using version 1.9.0. This might lead to breaking code or invalid results. Use at your own risk. For more info please refer to:
https://scikit-learn.org/stable/model_persistence.html#security-maintainability-limitations
  warnings.warn(
/Users/saudahmad/Desktop/portfolio/portfolio/myenv/lib/python3.13/site-packages/sklearn/base.py:525: InconsistentVersionWarning: Trying to unpickle estimator Pipeline from version 1.5.2 when using version 1.9.0. This might lead to breaking code or invalid results. Use at your own risk. For more info please refer to:
https://scikit-learn.org/stable/model_persistence.html#security-maintainability-limitations
  warnings.warn(
/usr/local/Cellar/python@3.13/3.13.9_1/Frameworks/Python.framework/Versions/3.13/lib/python3.13/pickle.py:1760: UserWarning: [23:59:13] WARNING: /Users/runner/work/xgboost/xgboost/src/gbm/../common/error_msg.h:83: If you are loading a serialized model (like pickle in Python, RDS in R) or
configuration generated by an older version of XGBoost, please export the model by calling
`Booster.save_model` from that version first, then load it back in current version. See:

    https://xgboost.readthedocs.io/en/stable/tutorials/saving_model.html

for more details about differences between saving model and serializing.

  setstate(state)
/Users/saudahmad/Desktop/portfolio/portfolio/myenv/lib/python3.13/site-packages/sklearn/base.py:525: InconsistentVersionWarning: Trying to unpickle estimator Lasso from version 1.5.2 when using version 1.9.0. This might lead to breaking code or invalid results. Use at your own risk. For more info please refer to:
https://scikit-learn.org/stable/model_persistence.html#security-maintainability-limitations
  warnings.warn(
INFO:     Started server process [14543]
INFO:     Waiting for application startup.
INFO:     Application startup complete.
WARNING:  WatchFiles detected changes in 'main.py'. Reloading...
INFO:     Shutting down
INFO:     Waiting for application shutdown.
INFO:     Application shutdown complete.
INFO:     Finished server process [14543]
/Users/saudahmad/Desktop/portfolio/portfolio/myenv/lib/python3.13/site-packages/sklearn/base.py:525: InconsistentVersionWarning: Trying to unpickle estimator LogisticRegression from version 1.5.2 when using version 1.9.0. This might lead to breaking code or invalid results. Use at your own risk. For more info please refer to:
https://scikit-learn.org/stable/model_persistence.html#security-maintainability-limitations
  warnings.warn(
/Users/saudahmad/Desktop/portfolio/portfolio/myenv/lib/python3.13/site-packages/sklearn/base.py:525: InconsistentVersionWarning: Trying to unpickle estimator StandardScaler from version 1.5.2 when using version 1.9.0. This might lead to breaking code or invalid results. Use at your own risk. For more info please refer to:
https://scikit-learn.org/stable/model_persistence.html#security-maintainability-limitations
  warnings.warn(
/Users/saudahmad/Desktop/portfolio/portfolio/myenv/lib/python3.13/site-packages/sklearn/base.py:525: InconsistentVersionWarning: Trying to unpickle estimator DecisionTreeClassifier from version 1.5.2 when using version 1.9.0. This might lead to breaking code or invalid results. Use at your own risk. For more info please refer to:
https://scikit-learn.org/stable/model_persistence.html#security-maintainability-limitations
  warnings.warn(
/Users/saudahmad/Desktop/portfolio/portfolio/myenv/lib/python3.13/site-packages/sklearn/base.py:525: InconsistentVersionWarning: Trying to unpickle estimator RandomForestClassifier from version 1.5.2 when using version 1.9.0. This might lead to breaking code or invalid results. Use at your own risk. For more info please refer to:
https://scikit-learn.org/stable/model_persistence.html#security-maintainability-limitations
  warnings.warn(
/Users/saudahmad/Desktop/portfolio/portfolio/myenv/lib/python3.13/site-packages/sklearn/base.py:525: InconsistentVersionWarning: Trying to unpickle estimator Pipeline from version 1.5.2 when using version 1.9.0. This might lead to breaking code or invalid results. Use at your own risk. For more info please refer to:
https://scikit-learn.org/stable/model_persistence.html#security-maintainability-limitations
  warnings.warn(
/usr/local/Cellar/python@3.13/3.13.9_1/Frameworks/Python.framework/Versions/3.13/lib/python3.13/pickle.py:1760: UserWarning: [23:59:25] WARNING: /Users/runner/work/xgboost/xgboost/src/gbm/../common/error_msg.h:83: If you are loading a serialized model (like pickle in Python, RDS in R) or
configuration generated by an older version of XGBoost, please export the model by calling
`Booster.save_model` from that version first, then load it back in current version. See:

    https://xgboost.readthedocs.io/en/stable/tutorials/saving_model.html

for more details about differences between saving model and serializing.

  setstate(state)
/Users/saudahmad/Desktop/portfolio/portfolio/myenv/lib/python3.13/site-packages/sklearn/base.py:525: InconsistentVersionWarning: Trying to unpickle estimator Lasso from version 1.5.2 when using version 1.9.0. This might lead to breaking code or invalid results. Use at your own risk. For more info please refer to:
https://scikit-learn.org/stable/model_persistence.html#security-maintainability-limitations
  warnings.warn(
INFO:     Started server process [14556]
INFO:     Waiting for application startup.
INFO:     Application startup complete.
⚠️ sentiment_model router skipped: No module named 'torch'
⚠️ anomaly_model router skipped: No module named 'torch'
⚠️ clip_search_model router skipped: No module named 'torch'
⚠️ mini_llava_model router skipped: No module named 'torch'
⚠️ diffusion_gan_model router skipped: No module named 'torch'
⚠️ gpt2_lora_model router skipped: No module named 'torch'
⚠️ rag_model router skipped: No module named 'sentence_transformers'
✅ Loaded cv_collection
✅ Loaded github_collection
👀 Watching data for changes...
💾 Loaded 36 projects from disk
⏰ GitHub poller started (60 min interval)
INFO:     127.0.0.1:53319 - "GET /health HTTP/1.1" 200 OK
INFO:     127.0.0.1:53323 - "DELETE /session/bd0258b7-14f8-46ee-8c6d-f20738f64123 HTTP/1.1" 200 OK
INFO:     127.0.0.1:53327 - "POST /chat/stream HTTP/1.1" 200 OK
⚠️ gpt-4o-mini-tts unavailable (TypeError: Speech.create() got an unexpected keyword argument 'instructions'); falling back to tts-1
INFO:     127.0.0.1:53332 - "POST /api/voice/chat?session_id=e43d07c9-e89d-4e80-a8a5-427bca32b154 HTTP/1.1" 200 OK
⚠️ gpt-4o-mini-tts unavailable (TypeError: Speech.create() got an unexpected keyword argument 'instructions'); falling back to tts-1
INFO:     127.0.0.1:53337 - "POST /api/voice/chat?session_id=e43d07c9-e89d-4e80-a8a5-427bca32b154 HTTP/1.1" 200 OK
⚠️ gpt-4o-mini-tts unavailable (TypeError: Speech.create() got an unexpected keyword argument 'instructions'); falling back to tts-1
INFO:     127.0.0.1:53344 - "POST /api/voice/chat?session_id=e43d07c9-e89d-4e80-a8a5-427bca32b154 HTTP/1.1" 200 OK
⚠️ gpt-4o-mini-tts unavailable (TypeError: Speech.create() got an unexpected keyword argument 'instructions'); falling back to tts-1
INFO:     127.0.0.1:53349 - "POST /api/voice/chat?session_id=e43d07c9-e89d-4e80-a8a5-427bca32b154 HTTP/1.1" 200 OK
⚠️ gpt-4o-mini-tts unavailable (TypeError: Speech.create() got an unexpected keyword argument 'instructions'); falling back to tts-1
INFO:     127.0.0.1:53354 - "POST /api/voice/chat?session_id=e43d07c9-e89d-4e80-a8a5-427bca32b154 HTTP/1.1" 200 OK
INFO:     127.0.0.1:53534 - "GET /health HTTP/1.1" 200 OK
INFO:     127.0.0.1:53553 - "GET /health HTTP/1.1" 200 OK
⚠️ gpt-4o-mini-tts unavailable (TypeError: Speech.create() got an unexpected keyword argument 'instructions'); falling back to tts-1
INFO:     127.0.0.1:53559 - "POST /api/voice/chat HTTP/1.1" 200 OK
⚠️ gpt-4o-mini-tts unavailable (TypeError: Speech.create() got an unexpected keyword argument 'instructions'); falling back to tts-1
INFO:     127.0.0.1:53591 - "POST /api/voice/chat?session_id=1faf9236-6000-42a5-9a35-23068a59153c HTTP/1.1" 200 OK
⚠️ gpt-4o-mini-tts unavailable (TypeError: Speech.create() got an unexpected keyword argument 'instructions'); falling back to tts-1
INFO:     127.0.0.1:53644 - "POST /api/voice/chat?session_id=1faf9236-6000-42a5-9a35-23068a59153c HTTP/1.1" 200 OK
⚠️ gpt-4o-mini-tts unavailable (TypeError: Speech.create() got an unexpected keyword argument 'instructions'); falling back to tts-1
INFO:     127.0.0.1:53708 - "POST /api/voice/chat?session_id=1faf9236-6000-42a5-9a35-23068a59153c HTTP/1.1" 200 OK
INFO:     127.0.0.1:53716 - "DELETE /session/1faf9236-6000-42a5-9a35-23068a59153c HTTP/1.1" 200 OK
INFO:     127.0.0.1:53720 - "POST /chat/stream HTTP/1.1" 200 OK
INFO:     127.0.0.1:53759 - "GET /health HTTP/1.1" 200 OK
⚠️ gpt-4o-mini-tts unavailable (TypeError: Speech.create() got an unexpected keyword argument 'instructions'); falling back to tts-1
INFO:     127.0.0.1:53763 - "POST /api/voice/chat?session_id=4d8adca3-983f-4781-bf0e-ccbfdebf6d91 HTTP/1.1" 200 OK
WARNING:  WatchFiles detected changes in 'main.py'. Reloading...
INFO:     Shutting down
INFO:     Waiting for application shutdown.
INFO:     Application shutdown complete.
INFO:     Finished server process [14556]
WARNING:  WatchFiles detected changes in 'main.py'. Reloading...
/Users/saudahmad/Desktop/portfolio/portfolio/myenv/lib/python3.13/site-packages/sklearn/base.py:525: InconsistentVersionWarning: Trying to unpickle estimator LogisticRegression from version 1.5.2 when using version 1.9.0. This might lead to breaking code or invalid results. Use at your own risk. For more info please refer to:
https://scikit-learn.org/stable/model_persistence.html#security-maintainability-limitations
  warnings.warn(
/Users/saudahmad/Desktop/portfolio/portfolio/myenv/lib/python3.13/site-packages/sklearn/base.py:525: InconsistentVersionWarning: Trying to unpickle estimator StandardScaler from version 1.5.2 when using version 1.9.0. This might lead to breaking code or invalid results. Use at your own risk. For more info please refer to:
https://scikit-learn.org/stable/model_persistence.html#security-maintainability-limitations
  warnings.warn(
/Users/saudahmad/Desktop/portfolio/portfolio/myenv/lib/python3.13/site-packages/sklearn/base.py:525: InconsistentVersionWarning: Trying to unpickle estimator DecisionTreeClassifier from version 1.5.2 when using version 1.9.0. This might lead to breaking code or invalid results. Use at your own risk. For more info please refer to:
https://scikit-learn.org/stable/model_persistence.html#security-maintainability-limitations
  warnings.warn(
/Users/saudahmad/Desktop/portfolio/portfolio/myenv/lib/python3.13/site-packages/sklearn/base.py:525: InconsistentVersionWarning: Trying to unpickle estimator RandomForestClassifier from version 1.5.2 when using version 1.9.0. This might lead to breaking code or invalid results. Use at your own risk. For more info please refer to:
https://scikit-learn.org/stable/model_persistence.html#security-maintainability-limitations
  warnings.warn(
/Users/saudahmad/Desktop/portfolio/portfolio/myenv/lib/python3.13/site-packages/sklearn/base.py:525: InconsistentVersionWarning: Trying to unpickle estimator Pipeline from version 1.5.2 when using version 1.9.0. This might lead to breaking code or invalid results. Use at your own risk. For more info please refer to:
https://scikit-learn.org/stable/model_persistence.html#security-maintainability-limitations
  warnings.warn(
/usr/local/Cellar/python@3.13/3.13.9_1/Frameworks/Python.framework/Versions/3.13/lib/python3.13/pickle.py:1760: UserWarning: [00:10:24] WARNING: /Users/runner/work/xgboost/xgboost/src/gbm/../common/error_msg.h:83: If you are loading a serialized model (like pickle in Python, RDS in R) or
configuration generated by an older version of XGBoost, please export the model by calling
`Booster.save_model` from that version first, then load it back in current version. See:

    https://xgboost.readthedocs.io/en/stable/tutorials/saving_model.html

for more details about differences between saving model and serializing.

  setstate(state)
/Users/saudahmad/Desktop/portfolio/portfolio/myenv/lib/python3.13/site-packages/sklearn/base.py:525: InconsistentVersionWarning: Trying to unpickle estimator Lasso from version 1.5.2 when using version 1.9.0. This might lead to breaking code or invalid results. Use at your own risk. For more info please refer to:
https://scikit-learn.org/stable/model_persistence.html#security-maintainability-limitations
  warnings.warn(
INFO:     Started server process [18641]
INFO:     Waiting for application startup.
Unhandled exception in FSEventsEmitter
Traceback (most recent call last):
  File "/Users/saudahmad/Desktop/portfolio/portfolio/myenv/lib/python3.13/site-packages/watchdog/observers/fsevents.py", line 307, in run
    _fsevents.add_watch(self, self.watch, self.events_callback, self.pathnames)
    ~~~~~~~~~~~~~~~~~~~^^^^^^^^^^^^^^^^^^^^^^^^^^^^^^^^^^^^^^^^^^^^^^^^^^^^^^^^
SystemError: Cannot start fsevents stream. Use a kqueue or polling observer instead.
INFO:     Application startup complete.
WARNING:  WatchFiles detected changes in 'main.py'. Reloading...
/Users/saudahmad/Desktop/portfolio/portfolio/myenv/lib/python3.13/site-packages/sklearn/base.py:525: InconsistentVersionWarning: Trying to unpickle estimator LogisticRegression from version 1.5.2 when using version 1.9.0. This might lead to breaking code or invalid results. Use at your own risk. For more info please refer to:
https://scikit-learn.org/stable/model_persistence.html#security-maintainability-limitations
  warnings.warn(
/Users/saudahmad/Desktop/portfolio/portfolio/myenv/lib/python3.13/site-packages/sklearn/base.py:525: InconsistentVersionWarning: Trying to unpickle estimator StandardScaler from version 1.5.2 when using version 1.9.0. This might lead to breaking code or invalid results. Use at your own risk. For more info please refer to:
https://scikit-learn.org/stable/model_persistence.html#security-maintainability-limitations
  warnings.warn(
/Users/saudahmad/Desktop/portfolio/portfolio/myenv/lib/python3.13/site-packages/sklearn/base.py:525: InconsistentVersionWarning: Trying to unpickle estimator DecisionTreeClassifier from version 1.5.2 when using version 1.9.0. This might lead to breaking code or invalid results. Use at your own risk. For more info please refer to:
https://scikit-learn.org/stable/model_persistence.html#security-maintainability-limitations
  warnings.warn(
/Users/saudahmad/Desktop/portfolio/portfolio/myenv/lib/python3.13/site-packages/sklearn/base.py:525: InconsistentVersionWarning: Trying to unpickle estimator RandomForestClassifier from version 1.5.2 when using version 1.9.0. This might lead to breaking code or invalid results. Use at your own risk. For more info please refer to:
https://scikit-learn.org/stable/model_persistence.html#security-maintainability-limitations
  warnings.warn(
/Users/saudahmad/Desktop/portfolio/portfolio/myenv/lib/python3.13/site-packages/sklearn/base.py:525: InconsistentVersionWarning: Trying to unpickle estimator Pipeline from version 1.5.2 when using version 1.9.0. This might lead to breaking code or invalid results. Use at your own risk. For more info please refer to:
https://scikit-learn.org/stable/model_persistence.html#security-maintainability-limitations
  warnings.warn(
/usr/local/Cellar/python@3.13/3.13.9_1/Frameworks/Python.framework/Versions/3.13/lib/python3.13/pickle.py:1760: UserWarning: [00:10:34] WARNING: /Users/runner/work/xgboost/xgboost/src/gbm/../common/error_msg.h:83: If you are loading a serialized model (like pickle in Python, RDS in R) or
configuration generated by an older version of XGBoost, please export the model by calling
`Booster.save_model` from that version first, then load it back in current version. See:

    https://xgboost.readthedocs.io/en/stable/tutorials/saving_model.html

for more details about differences between saving model and serializing.

  setstate(state)
/Users/saudahmad/Desktop/portfolio/portfolio/myenv/lib/python3.13/site-packages/sklearn/base.py:525: InconsistentVersionWarning: Trying to unpickle estimator Lasso from version 1.5.2 when using version 1.9.0. This might lead to breaking code or invalid results. Use at your own risk. For more info please refer to:
https://scikit-learn.org/stable/model_persistence.html#security-maintainability-limitations
  warnings.warn(
INFO:     Started server process [18667]
INFO:     Waiting for application startup.
Unhandled exception in FSEventsEmitter
Traceback (most recent call last):
  File "/Users/saudahmad/Desktop/portfolio/portfolio/myenv/lib/python3.13/site-packages/watchdog/observers/fsevents.py", line 307, in run
    _fsevents.add_watch(self, self.watch, self.events_callback, self.pathnames)
    ~~~~~~~~~~~~~~~~~~~^^^^^^^^^^^^^^^^^^^^^^^^^^^^^^^^^^^^^^^^^^^^^^^^^^^^^^^^
SystemError: Cannot start fsevents stream. Use a kqueue or polling observer instead.
INFO:     Application startup complete.
WARNING:  WatchFiles detected changes in 'main.py'. Reloading...
/Users/saudahmad/Desktop/portfolio/portfolio/myenv/lib/python3.13/site-packages/sklearn/base.py:525: InconsistentVersionWarning: Trying to unpickle estimator LogisticRegression from version 1.5.2 when using version 1.9.0. This might lead to breaking code or invalid results. Use at your own risk. For more info please refer to:
https://scikit-learn.org/stable/model_persistence.html#security-maintainability-limitations
  warnings.warn(
/Users/saudahmad/Desktop/portfolio/portfolio/myenv/lib/python3.13/site-packages/sklearn/base.py:525: InconsistentVersionWarning: Trying to unpickle estimator StandardScaler from version 1.5.2 when using version 1.9.0. This might lead to breaking code or invalid results. Use at your own risk. For more info please refer to:
https://scikit-learn.org/stable/model_persistence.html#security-maintainability-limitations
  warnings.warn(
/Users/saudahmad/Desktop/portfolio/portfolio/myenv/lib/python3.13/site-packages/sklearn/base.py:525: InconsistentVersionWarning: Trying to unpickle estimator DecisionTreeClassifier from version 1.5.2 when using version 1.9.0. This might lead to breaking code or invalid results. Use at your own risk. For more info please refer to:
https://scikit-learn.org/stable/model_persistence.html#security-maintainability-limitations
  warnings.warn(
/Users/saudahmad/Desktop/portfolio/portfolio/myenv/lib/python3.13/site-packages/sklearn/base.py:525: InconsistentVersionWarning: Trying to unpickle estimator RandomForestClassifier from version 1.5.2 when using version 1.9.0. This might lead to breaking code or invalid results. Use at your own risk. For more info please refer to:
https://scikit-learn.org/stable/model_persistence.html#security-maintainability-limitations
  warnings.warn(
/Users/saudahmad/Desktop/portfolio/portfolio/myenv/lib/python3.13/site-packages/sklearn/base.py:525: InconsistentVersionWarning: Trying to unpickle estimator Pipeline from version 1.5.2 when using version 1.9.0. This might lead to breaking code or invalid results. Use at your own risk. For more info please refer to:
https://scikit-learn.org/stable/model_persistence.html#security-maintainability-limitations
  warnings.warn(
/usr/local/Cellar/python@3.13/3.13.9_1/Frameworks/Python.framework/Versions/3.13/lib/python3.13/pickle.py:1760: UserWarning: [00:10:45] WARNING: /Users/runner/work/xgboost/xgboost/src/gbm/../common/error_msg.h:83: If you are loading a serialized model (like pickle in Python, RDS in R) or
configuration generated by an older version of XGBoost, please export the model by calling
`Booster.save_model` from that version first, then load it back in current version. See:

    https://xgboost.readthedocs.io/en/stable/tutorials/saving_model.html

for more details about differences between saving model and serializing.

  setstate(state)
/Users/saudahmad/Desktop/portfolio/portfolio/myenv/lib/python3.13/site-packages/sklearn/base.py:525: InconsistentVersionWarning: Trying to unpickle estimator Lasso from version 1.5.2 when using version 1.9.0. This might lead to breaking code or invalid results. Use at your own risk. For more info please refer to:
https://scikit-learn.org/stable/model_persistence.html#security-maintainability-limitations
  warnings.warn(
INFO:     Started server process [18677]
INFO:     Waiting for application startup.
Unhandled exception in FSEventsEmitter
Traceback (most recent call last):
  File "/Users/saudahmad/Desktop/portfolio/portfolio/myenv/lib/python3.13/site-packages/watchdog/observers/fsevents.py", line 307, in run
    _fsevents.add_watch(self, self.watch, self.events_callback, self.pathnames)
    ~~~~~~~~~~~~~~~~~~~^^^^^^^^^^^^^^^^^^^^^^^^^^^^^^^^^^^^^^^^^^^^^^^^^^^^^^^^
SystemError: Cannot start fsevents stream. Use a kqueue or polling observer instead.
INFO:     Application startup complete.
/Users/saudahmad/Desktop/portfolio/portfolio/myenv/lib/python3.13/site-packages/sklearn/base.py:525: InconsistentVersionWarning: Trying to unpickle estimator LogisticRegression from version 1.5.2 when using version 1.9.0. This might lead to breaking code or invalid results. Use at your own risk. For more info please refer to:
https://scikit-learn.org/stable/model_persistence.html#security-maintainability-limitations
  warnings.warn(
/Users/saudahmad/Desktop/portfolio/portfolio/myenv/lib/python3.13/site-packages/sklearn/base.py:525: InconsistentVersionWarning: Trying to unpickle estimator StandardScaler from version 1.5.2 when using version 1.9.0. This might lead to breaking code or invalid results. Use at your own risk. For more info please refer to:
https://scikit-learn.org/stable/model_persistence.html#security-maintainability-limitations
  warnings.warn(
/Users/saudahmad/Desktop/portfolio/portfolio/myenv/lib/python3.13/site-packages/sklearn/base.py:525: InconsistentVersionWarning: Trying to unpickle estimator DecisionTreeClassifier from version 1.5.2 when using version 1.9.0. This might lead to breaking code or invalid results. Use at your own risk. For more info please refer to:
https://scikit-learn.org/stable/model_persistence.html#security-maintainability-limitations
  warnings.warn(
/Users/saudahmad/Desktop/portfolio/portfolio/myenv/lib/python3.13/site-packages/sklearn/base.py:525: InconsistentVersionWarning: Trying to unpickle estimator RandomForestClassifier from version 1.5.2 when using version 1.9.0. This might lead to breaking code or invalid results. Use at your own risk. For more info please refer to:
https://scikit-learn.org/stable/model_persistence.html#security-maintainability-limitations
  warnings.warn(
/Users/saudahmad/Desktop/portfolio/portfolio/myenv/lib/python3.13/site-packages/sklearn/base.py:525: InconsistentVersionWarning: Trying to unpickle estimator Pipeline from version 1.5.2 when using version 1.9.0. This might lead to breaking code or invalid results. Use at your own risk. For more info please refer to:
https://scikit-learn.org/stable/model_persistence.html#security-maintainability-limitations
  warnings.warn(
/usr/local/Cellar/python@3.13/3.13.9_1/Frameworks/Python.framework/Versions/3.13/lib/python3.13/pickle.py:1760: UserWarning: [00:11:22] WARNING: /Users/runner/work/xgboost/xgboost/src/gbm/../common/error_msg.h:83: If you are loading a serialized model (like pickle in Python, RDS in R) or
configuration generated by an older version of XGBoost, please export the model by calling
`Booster.save_model` from that version first, then load it back in current version. See:

    https://xgboost.readthedocs.io/en/stable/tutorials/saving_model.html

for more details about differences between saving model and serializing.

  setstate(state)
/Users/saudahmad/Desktop/portfolio/portfolio/myenv/lib/python3.13/site-packages/sklearn/base.py:525: InconsistentVersionWarning: Trying to unpickle estimator Lasso from version 1.5.2 when using version 1.9.0. This might lead to breaking code or invalid results. Use at your own risk. For more info please refer to:
https://scikit-learn.org/stable/model_persistence.html#security-maintainability-limitations
  warnings.warn(
INFO:     Started server process [18692]
INFO:     Waiting for application startup.
Unhandled exception in FSEventsEmitter
Traceback (most recent call last):
  File "/Users/saudahmad/Desktop/portfolio/portfolio/myenv/lib/python3.13/site-packages/watchdog/observers/fsevents.py", line 307, in run
    _fsevents.add_watch(self, self.watch, self.events_callback, self.pathnames)
    ~~~~~~~~~~~~~~~~~~~^^^^^^^^^^^^^^^^^^^^^^^^^^^^^^^^^^^^^^^^^^^^^^^^^^^^^^^^
SystemError: Cannot start fsevents stream. Use a kqueue or polling observer instead.
INFO:     Application startup complete.
⚠️ sentiment_model router skipped: No module named 'torch'
⚠️ anomaly_model router skipped: No module named 'torch'
⚠️ clip_search_model router skipped: No module named 'torch'
⚠️ mini_llava_model router skipped: No module named 'torch'
⚠️ diffusion_gan_model router skipped: No module named 'torch'
⚠️ gpt2_lora_model router skipped: No module named 'torch'
⚠️ rag_model router skipped: No module named 'sentence_transformers'
✅ Loaded cv_collection
✅ Loaded github_collection
👀 Watching data for changes...
💾 Loaded 36 projects from disk
⏰ GitHub poller started (60 min interval)
INFO:     127.0.0.1:53778 - "GET /health HTTP/1.1" 200 OK
⚠️ gpt-4o-mini-tts unavailable (TypeError: Speech.create() got an unexpected keyword argument 'instructions'); falling back to tts-1
🎙️ voice turn upload_read=0ms  stt=2269ms  llm=1173ms  tts=1502ms  encode=0ms  total=4945ms  audio=103KB
INFO:     127.0.0.1:53783 - "POST /api/voice/chat?session_id=4d8adca3-983f-4781-bf0e-ccbfdebf6d91 HTTP/1.1" 200 OK
WARNING:  WatchFiles detected changes in 'main.py'. Reloading...
INFO:     Shutting down
INFO:     Waiting for application shutdown.
INFO:     Application shutdown complete.
INFO:     Finished server process [18692]
WARNING:  WatchFiles detected changes in 'main.py'. Reloading...
/Users/saudahmad/Desktop/portfolio/portfolio/myenv/lib/python3.13/site-packages/sklearn/base.py:525: InconsistentVersionWarning: Trying to unpickle estimator LogisticRegression from version 1.5.2 when using version 1.9.0. This might lead to breaking code or invalid results. Use at your own risk. For more info please refer to:
https://scikit-learn.org/stable/model_persistence.html#security-maintainability-limitations
  warnings.warn(
/Users/saudahmad/Desktop/portfolio/portfolio/myenv/lib/python3.13/site-packages/sklearn/base.py:525: InconsistentVersionWarning: Trying to unpickle estimator StandardScaler from version 1.5.2 when using version 1.9.0. This might lead to breaking code or invalid results. Use at your own risk. For more info please refer to:
https://scikit-learn.org/stable/model_persistence.html#security-maintainability-limitations
  warnings.warn(
/Users/saudahmad/Desktop/portfolio/portfolio/myenv/lib/python3.13/site-packages/sklearn/base.py:525: InconsistentVersionWarning: Trying to unpickle estimator DecisionTreeClassifier from version 1.5.2 when using version 1.9.0. This might lead to breaking code or invalid results. Use at your own risk. For more info please refer to:
https://scikit-learn.org/stable/model_persistence.html#security-maintainability-limitations
  warnings.warn(
/Users/saudahmad/Desktop/portfolio/portfolio/myenv/lib/python3.13/site-packages/sklearn/base.py:525: InconsistentVersionWarning: Trying to unpickle estimator RandomForestClassifier from version 1.5.2 when using version 1.9.0. This might lead to breaking code or invalid results. Use at your own risk. For more info please refer to:
https://scikit-learn.org/stable/model_persistence.html#security-maintainability-limitations
  warnings.warn(
/Users/saudahmad/Desktop/portfolio/portfolio/myenv/lib/python3.13/site-packages/sklearn/base.py:525: InconsistentVersionWarning: Trying to unpickle estimator Pipeline from version 1.5.2 when using version 1.9.0. This might lead to breaking code or invalid results. Use at your own risk. For more info please refer to:
https://scikit-learn.org/stable/model_persistence.html#security-maintainability-limitations
  warnings.warn(
/usr/local/Cellar/python@3.13/3.13.9_1/Frameworks/Python.framework/Versions/3.13/lib/python3.13/pickle.py:1760: UserWarning: [00:13:15] WARNING: /Users/runner/work/xgboost/xgboost/src/gbm/../common/error_msg.h:83: If you are loading a serialized model (like pickle in Python, RDS in R) or
configuration generated by an older version of XGBoost, please export the model by calling
`Booster.save_model` from that version first, then load it back in current version. See:

    https://xgboost.readthedocs.io/en/stable/tutorials/saving_model.html

for more details about differences between saving model and serializing.

  setstate(state)
/Users/saudahmad/Desktop/portfolio/portfolio/myenv/lib/python3.13/site-packages/sklearn/base.py:525: InconsistentVersionWarning: Trying to unpickle estimator Lasso from version 1.5.2 when using version 1.9.0. This might lead to breaking code or invalid results. Use at your own risk. For more info please refer to:
https://scikit-learn.org/stable/model_persistence.html#security-maintainability-limitations
  warnings.warn(
INFO:     Started server process [18798]
INFO:     Waiting for application startup.
Unhandled exception in FSEventsEmitter
Traceback (most recent call last):
  File "/Users/saudahmad/Desktop/portfolio/portfolio/myenv/lib/python3.13/site-packages/watchdog/observers/fsevents.py", line 307, in run
    _fsevents.add_watch(self, self.watch, self.events_callback, self.pathnames)
    ~~~~~~~~~~~~~~~~~~~^^^^^^^^^^^^^^^^^^^^^^^^^^^^^^^^^^^^^^^^^^^^^^^^^^^^^^^^
SystemError: Cannot start fsevents stream. Use a kqueue or polling observer instead.
INFO:     Application startup complete.
/Users/saudahmad/Desktop/portfolio/portfolio/myenv/lib/python3.13/site-packages/sklearn/base.py:525: InconsistentVersionWarning: Trying to unpickle estimator LogisticRegression from version 1.5.2 when using version 1.9.0. This might lead to breaking code or invalid results. Use at your own risk. For more info please refer to:
https://scikit-learn.org/stable/model_persistence.html#security-maintainability-limitations
  warnings.warn(
/Users/saudahmad/Desktop/portfolio/portfolio/myenv/lib/python3.13/site-packages/sklearn/base.py:525: InconsistentVersionWarning: Trying to unpickle estimator StandardScaler from version 1.5.2 when using version 1.9.0. This might lead to breaking code or invalid results. Use at your own risk. For more info please refer to:
https://scikit-learn.org/stable/model_persistence.html#security-maintainability-limitations
  warnings.warn(
/Users/saudahmad/Desktop/portfolio/portfolio/myenv/lib/python3.13/site-packages/sklearn/base.py:525: InconsistentVersionWarning: Trying to unpickle estimator DecisionTreeClassifier from version 1.5.2 when using version 1.9.0. This might lead to breaking code or invalid results. Use at your own risk. For more info please refer to:
https://scikit-learn.org/stable/model_persistence.html#security-maintainability-limitations
  warnings.warn(
/Users/saudahmad/Desktop/portfolio/portfolio/myenv/lib/python3.13/site-packages/sklearn/base.py:525: InconsistentVersionWarning: Trying to unpickle estimator RandomForestClassifier from version 1.5.2 when using version 1.9.0. This might lead to breaking code or invalid results. Use at your own risk. For more info please refer to:
https://scikit-learn.org/stable/model_persistence.html#security-maintainability-limitations
  warnings.warn(
/Users/saudahmad/Desktop/portfolio/portfolio/myenv/lib/python3.13/site-packages/sklearn/base.py:525: InconsistentVersionWarning: Trying to unpickle estimator Pipeline from version 1.5.2 when using version 1.9.0. This might lead to breaking code or invalid results. Use at your own risk. For more info please refer to:
https://scikit-learn.org/stable/model_persistence.html#security-maintainability-limitations
  warnings.warn(
/usr/local/Cellar/python@3.13/3.13.9_1/Frameworks/Python.framework/Versions/3.13/lib/python3.13/pickle.py:1760: UserWarning: [00:13:24] WARNING: /Users/runner/work/xgboost/xgboost/src/gbm/../common/error_msg.h:83: If you are loading a serialized model (like pickle in Python, RDS in R) or
configuration generated by an older version of XGBoost, please export the model by calling
`Booster.save_model` from that version first, then load it back in current version. See:

    https://xgboost.readthedocs.io/en/stable/tutorials/saving_model.html

for more details about differences between saving model and serializing.

  setstate(state)
/Users/saudahmad/Desktop/portfolio/portfolio/myenv/lib/python3.13/site-packages/sklearn/base.py:525: InconsistentVersionWarning: Trying to unpickle estimator Lasso from version 1.5.2 when using version 1.9.0. This might lead to breaking code or invalid results. Use at your own risk. For more info please refer to:
https://scikit-learn.org/stable/model_persistence.html#security-maintainability-limitations
  warnings.warn(
INFO:     Started server process [18808]
INFO:     Waiting for application startup.
Unhandled exception in FSEventsEmitter
Traceback (most recent call last):
  File "/Users/saudahmad/Desktop/portfolio/portfolio/myenv/lib/python3.13/site-packages/watchdog/observers/fsevents.py", line 307, in run
    _fsevents.add_watch(self, self.watch, self.events_callback, self.pathnames)
    ~~~~~~~~~~~~~~~~~~~^^^^^^^^^^^^^^^^^^^^^^^^^^^^^^^^^^^^^^^^^^^^^^^^^^^^^^^^
SystemError: Cannot start fsevents stream. Use a kqueue or polling observer instead.
INFO:     Application startup complete.
WARNING:  WatchFiles detected changes in 'main.py'. Reloading...
INFO:     Shutting down
INFO:     Waiting for application shutdown.
INFO:     Application shutdown complete.
INFO:     Finished server process [18808]
/Users/saudahmad/Desktop/portfolio/portfolio/myenv/lib/python3.13/site-packages/sklearn/base.py:525: InconsistentVersionWarning: Trying to unpickle estimator LogisticRegression from version 1.5.2 when using version 1.9.0. This might lead to breaking code or invalid results. Use at your own risk. For more info please refer to:
https://scikit-learn.org/stable/model_persistence.html#security-maintainability-limitations
  warnings.warn(
/Users/saudahmad/Desktop/portfolio/portfolio/myenv/lib/python3.13/site-packages/sklearn/base.py:525: InconsistentVersionWarning: Trying to unpickle estimator StandardScaler from version 1.5.2 when using version 1.9.0. This might lead to breaking code or invalid results. Use at your own risk. For more info please refer to:
https://scikit-learn.org/stable/model_persistence.html#security-maintainability-limitations
  warnings.warn(
/Users/saudahmad/Desktop/portfolio/portfolio/myenv/lib/python3.13/site-packages/sklearn/base.py:525: InconsistentVersionWarning: Trying to unpickle estimator DecisionTreeClassifier from version 1.5.2 when using version 1.9.0. This might lead to breaking code or invalid results. Use at your own risk. For more info please refer to:
https://scikit-learn.org/stable/model_persistence.html#security-maintainability-limitations
  warnings.warn(
/Users/saudahmad/Desktop/portfolio/portfolio/myenv/lib/python3.13/site-packages/sklearn/base.py:525: InconsistentVersionWarning: Trying to unpickle estimator RandomForestClassifier from version 1.5.2 when using version 1.9.0. This might lead to breaking code or invalid results. Use at your own risk. For more info please refer to:
https://scikit-learn.org/stable/model_persistence.html#security-maintainability-limitations
  warnings.warn(
/Users/saudahmad/Desktop/portfolio/portfolio/myenv/lib/python3.13/site-packages/sklearn/base.py:525: InconsistentVersionWarning: Trying to unpickle estimator Pipeline from version 1.5.2 when using version 1.9.0. This might lead to breaking code or invalid results. Use at your own risk. For more info please refer to:
https://scikit-learn.org/stable/model_persistence.html#security-maintainability-limitations
  warnings.warn(
/usr/local/Cellar/python@3.13/3.13.9_1/Frameworks/Python.framework/Versions/3.13/lib/python3.13/pickle.py:1760: UserWarning: [00:13:48] WARNING: /Users/runner/work/xgboost/xgboost/src/gbm/../common/error_msg.h:83: If you are loading a serialized model (like pickle in Python, RDS in R) or
configuration generated by an older version of XGBoost, please export the model by calling
`Booster.save_model` from that version first, then load it back in current version. See:

    https://xgboost.readthedocs.io/en/stable/tutorials/saving_model.html

for more details about differences between saving model and serializing.

  setstate(state)
/Users/saudahmad/Desktop/portfolio/portfolio/myenv/lib/python3.13/site-packages/sklearn/base.py:525: InconsistentVersionWarning: Trying to unpickle estimator Lasso from version 1.5.2 when using version 1.9.0. This might lead to breaking code or invalid results. Use at your own risk. For more info please refer to:
https://scikit-learn.org/stable/model_persistence.html#security-maintainability-limitations
  warnings.warn(
INFO:     Started server process [18821]
INFO:     Waiting for application startup.
Unhandled exception in FSEventsEmitter
Traceback (most recent call last):
  File "/Users/saudahmad/Desktop/portfolio/portfolio/myenv/lib/python3.13/site-packages/watchdog/observers/fsevents.py", line 307, in run
    _fsevents.add_watch(self, self.watch, self.events_callback, self.pathnames)
    ~~~~~~~~~~~~~~~~~~~^^^^^^^^^^^^^^^^^^^^^^^^^^^^^^^^^^^^^^^^^^^^^^^^^^^^^^^^
SystemError: Cannot start fsevents stream. Use a kqueue or polling observer instead.
INFO:     Application startup complete.
⚠️ sentiment_model router skipped: No module named 'torch'
⚠️ anomaly_model router skipped: No module named 'torch'
⚠️ clip_search_model router skipped: No module named 'torch'
⚠️ mini_llava_model router skipped: No module named 'torch'
⚠️ diffusion_gan_model router skipped: No module named 'torch'
⚠️ gpt2_lora_model router skipped: No module named 'torch'
⚠️ rag_model router skipped: No module named 'sentence_transformers'
✅ Loaded cv_collection
✅ Loaded github_collection
👀 Watching data for changes...
💾 Loaded 36 projects from disk
⏰ GitHub poller started (60 min interval)
INFO:     127.0.0.1:53839 - "GET /health HTTP/1.1" 200 OK
INFO:     127.0.0.1:53841 - "POST /api/voice/chat/stream HTTP/1.1" 200 OK
⚠️ gpt-4o-mini-tts unavailable (TypeError: Speech.create() got an unexpected keyword argument 'instructions'); falling back to tts-1
⚠️ gpt-4o-mini-tts unavailable (TypeError: Speech.create() got an unexpected keyword argument 'instructions'); falling back to tts-1
🎙️ voice stream stt=1325ms first_audio=4429ms total=7028ms
INFO:     127.0.0.1:53847 - "POST /api/voice/chat/stream?session_id=9ac35af3-5319-4b57-8e59-dc8f82bcb5ae HTTP/1.1" 200 OK
⚠️ gpt-4o-mini-tts unavailable (TypeError: Speech.create() got an unexpected keyword argument 'instructions'); falling back to tts-1
⚠️ gpt-4o-mini-tts unavailable (TypeError: Speech.create() got an unexpected keyword argument 'instructions'); falling back to tts-1
🎙️ voice stream stt=1650ms first_audio=5229ms total=7901ms
INFO:     127.0.0.1:53854 - "POST /api/voice/chat/stream?session_id=9ac35af3-5319-4b57-8e59-dc8f82bcb5ae HTTP/1.1" 200 OK
⚠️ gpt-4o-mini-tts unavailable (TypeError: Speech.create() got an unexpected keyword argument 'instructions'); falling back to tts-1
⚠️ gpt-4o-mini-tts unavailable (TypeError: Speech.create() got an unexpected keyword argument 'instructions'); falling back to tts-1
⚠️ gpt-4o-mini-tts unavailable (TypeError: Speech.create() got an unexpected keyword argument 'instructions'); falling back to tts-1
🎙️ voice stream stt=1274ms first_audio=5636ms total=9081ms
INFO:     127.0.0.1:53861 - "POST /api/voice/chat/stream?session_id=9ac35af3-5319-4b57-8e59-dc8f82bcb5ae HTTP/1.1" 200 OK
⚠️ gpt-4o-mini-tts unavailable (TypeError: Speech.create() got an unexpected keyword argument 'instructions'); falling back to tts-1
🎙️ voice stream stt=969ms first_audio=4983ms total=4988ms
INFO:     127.0.0.1:53870 - "POST /api/voice/chat/stream?session_id=9ac35af3-5319-4b57-8e59-dc8f82bcb5ae HTTP/1.1" 200 OK
⚠️ gpt-4o-mini-tts unavailable (TypeError: Speech.create() got an unexpected keyword argument 'instructions'); falling back to tts-1
⚠️ gpt-4o-mini-tts unavailable (TypeError: Speech.create() got an unexpected keyword argument 'instructions'); falling back to tts-1
⚠️ gpt-4o-mini-tts unavailable (TypeError: Speech.create() got an unexpected keyword argument 'instructions'); falling back to tts-1
🎙️ voice stream stt=1179ms first_audio=4560ms total=8877ms
INFO:     127.0.0.1:53878 - "POST /api/voice/chat/stream?session_id=9ac35af3-5319-4b57-8e59-dc8f82bcb5ae HTTP/1.1" 200 OK
⚠️ gpt-4o-mini-tts unavailable (TypeError: Speech.create() got an unexpected keyword argument 'instructions'); falling back to tts-1
⚠️ gpt-4o-mini-tts unavailable (TypeError: Speech.create() got an unexpected keyword argument 'instructions'); falling back to tts-1
⚠️ gpt-4o-mini-tts unavailable (TypeError: Speech.create() got an unexpected keyword argument 'instructions'); falling back to tts-1
🎙️ voice stream stt=1120ms first_audio=5464ms total=10433ms
INFO:     127.0.0.1:53884 - "POST /api/voice/chat/stream?session_id=9ac35af3-5319-4b57-8e59-dc8f82bcb5ae HTTP/1.1" 200 OK
⚠️ gpt-4o-mini-tts unavailable (TypeError: Speech.create() got an unexpected keyword argument 'instructions'); falling back to tts-1
🎙️ voice stream stt=888ms first_audio=5011ms total=5016ms
INFO:     127.0.0.1:53890 - "POST /api/voice/chat/stream?session_id=9ac35af3-5319-4b57-8e59-dc8f82bcb5ae HTTP/1.1" 200 OK
⚠️ gpt-4o-mini-tts unavailable (TypeError: Speech.create() got an unexpected keyword argument 'instructions'); falling back to tts-1
🎙️ voice stream stt=1074ms first_audio=4275ms total=4279ms
INFO:     127.0.0.1:53934 - "GET /health HTTP/1.1" 200 OK
WARNING:  WatchFiles detected changes in 'main.py'. Reloading...
INFO:     Shutting down
INFO:     Waiting for application shutdown.
WARNING:  WatchFiles detected changes in 'main.py'. Reloading...
/Users/saudahmad/Desktop/portfolio/portfolio/myenv/lib/python3.13/site-packages/sklearn/base.py:525: InconsistentVersionWarning: Trying to unpickle estimator LogisticRegression from version 1.5.2 when using version 1.9.0. This might lead to breaking code or invalid results. Use at your own risk. For more info please refer to:
https://scikit-learn.org/stable/model_persistence.html#security-maintainability-limitations
  warnings.warn(
/Users/saudahmad/Desktop/portfolio/portfolio/myenv/lib/python3.13/site-packages/sklearn/base.py:525: InconsistentVersionWarning: Trying to unpickle estimator StandardScaler from version 1.5.2 when using version 1.9.0. This might lead to breaking code or invalid results. Use at your own risk. For more info please refer to:
https://scikit-learn.org/stable/model_persistence.html#security-maintainability-limitations
  warnings.warn(
/Users/saudahmad/Desktop/portfolio/portfolio/myenv/lib/python3.13/site-packages/sklearn/base.py:525: InconsistentVersionWarning: Trying to unpickle estimator DecisionTreeClassifier from version 1.5.2 when using version 1.9.0. This might lead to breaking code or invalid results. Use at your own risk. For more info please refer to:
https://scikit-learn.org/stable/model_persistence.html#security-maintainability-limitations
  warnings.warn(
/Users/saudahmad/Desktop/portfolio/portfolio/myenv/lib/python3.13/site-packages/sklearn/base.py:525: InconsistentVersionWarning: Trying to unpickle estimator RandomForestClassifier from version 1.5.2 when using version 1.9.0. This might lead to breaking code or invalid results. Use at your own risk. For more info please refer to:
https://scikit-learn.org/stable/model_persistence.html#security-maintainability-limitations
  warnings.warn(
/Users/saudahmad/Desktop/portfolio/portfolio/myenv/lib/python3.13/site-packages/sklearn/base.py:525: InconsistentVersionWarning: Trying to unpickle estimator Pipeline from version 1.5.2 when using version 1.9.0. This might lead to breaking code or invalid results. Use at your own risk. For more info please refer to:
https://scikit-learn.org/stable/model_persistence.html#security-maintainability-limitations
  warnings.warn(
/usr/local/Cellar/python@3.13/3.13.9_1/Frameworks/Python.framework/Versions/3.13/lib/python3.13/pickle.py:1760: UserWarning: [00:23:55] WARNING: /Users/runner/work/xgboost/xgboost/src/gbm/../common/error_msg.h:83: If you are loading a serialized model (like pickle in Python, RDS in R) or
configuration generated by an older version of XGBoost, please export the model by calling
`Booster.save_model` from that version first, then load it back in current version. See:

    https://xgboost.readthedocs.io/en/stable/tutorials/saving_model.html

for more details about differences between saving model and serializing.

  setstate(state)
/Users/saudahmad/Desktop/portfolio/portfolio/myenv/lib/python3.13/site-packages/sklearn/base.py:525: InconsistentVersionWarning: Trying to unpickle estimator Lasso from version 1.5.2 when using version 1.9.0. This might lead to breaking code or invalid results. Use at your own risk. For more info please refer to:
https://scikit-learn.org/stable/model_persistence.html#security-maintainability-limitations
  warnings.warn(
INFO:     Started server process [19111]
INFO:     Waiting for application startup.
Unhandled exception in FSEventsEmitter
Traceback (most recent call last):
  File "/Users/saudahmad/Desktop/portfolio/portfolio/myenv/lib/python3.13/site-packages/watchdog/observers/fsevents.py", line 307, in run
    _fsevents.add_watch(self, self.watch, self.events_callback, self.pathnames)
    ~~~~~~~~~~~~~~~~~~~^^^^^^^^^^^^^^^^^^^^^^^^^^^^^^^^^^^^^^^^^^^^^^^^^^^^^^^^
SystemError: Cannot start fsevents stream. Use a kqueue or polling observer instead.
INFO:     Application startup complete.
WARNING:  WatchFiles detected changes in 'main.py'. Reloading...
/Users/saudahmad/Desktop/portfolio/portfolio/myenv/lib/python3.13/site-packages/sklearn/base.py:525: InconsistentVersionWarning: Trying to unpickle estimator LogisticRegression from version 1.5.2 when using version 1.9.0. This might lead to breaking code or invalid results. Use at your own risk. For more info please refer to:
https://scikit-learn.org/stable/model_persistence.html#security-maintainability-limitations
  warnings.warn(
/Users/saudahmad/Desktop/portfolio/portfolio/myenv/lib/python3.13/site-packages/sklearn/base.py:525: InconsistentVersionWarning: Trying to unpickle estimator StandardScaler from version 1.5.2 when using version 1.9.0. This might lead to breaking code or invalid results. Use at your own risk. For more info please refer to:
https://scikit-learn.org/stable/model_persistence.html#security-maintainability-limitations
  warnings.warn(
/Users/saudahmad/Desktop/portfolio/portfolio/myenv/lib/python3.13/site-packages/sklearn/base.py:525: InconsistentVersionWarning: Trying to unpickle estimator DecisionTreeClassifier from version 1.5.2 when using version 1.9.0. This might lead to breaking code or invalid results. Use at your own risk. For more info please refer to:
https://scikit-learn.org/stable/model_persistence.html#security-maintainability-limitations
  warnings.warn(
/Users/saudahmad/Desktop/portfolio/portfolio/myenv/lib/python3.13/site-packages/sklearn/base.py:525: InconsistentVersionWarning: Trying to unpickle estimator RandomForestClassifier from version 1.5.2 when using version 1.9.0. This might lead to breaking code or invalid results. Use at your own risk. For more info please refer to:
https://scikit-learn.org/stable/model_persistence.html#security-maintainability-limitations
  warnings.warn(
/Users/saudahmad/Desktop/portfolio/portfolio/myenv/lib/python3.13/site-packages/sklearn/base.py:525: InconsistentVersionWarning: Trying to unpickle estimator Pipeline from version 1.5.2 when using version 1.9.0. This might lead to breaking code or invalid results. Use at your own risk. For more info please refer to:
https://scikit-learn.org/stable/model_persistence.html#security-maintainability-limitations
  warnings.warn(
/usr/local/Cellar/python@3.13/3.13.9_1/Frameworks/Python.framework/Versions/3.13/lib/python3.13/pickle.py:1760: UserWarning: [00:24:06] WARNING: /Users/runner/work/xgboost/xgboost/src/gbm/../common/error_msg.h:83: If you are loading a serialized model (like pickle in Python, RDS in R) or
configuration generated by an older version of XGBoost, please export the model by calling
`Booster.save_model` from that version first, then load it back in current version. See:

    https://xgboost.readthedocs.io/en/stable/tutorials/saving_model.html

for more details about differences between saving model and serializing.

  setstate(state)
/Users/saudahmad/Desktop/portfolio/portfolio/myenv/lib/python3.13/site-packages/sklearn/base.py:525: InconsistentVersionWarning: Trying to unpickle estimator Lasso from version 1.5.2 when using version 1.9.0. This might lead to breaking code or invalid results. Use at your own risk. For more info please refer to:
https://scikit-learn.org/stable/model_persistence.html#security-maintainability-limitations
  warnings.warn(
INFO:     Started server process [19127]
INFO:     Waiting for application startup.
Unhandled exception in FSEventsEmitter
Traceback (most recent call last):
  File "/Users/saudahmad/Desktop/portfolio/portfolio/myenv/lib/python3.13/site-packages/watchdog/observers/fsevents.py", line 307, in run
    _fsevents.add_watch(self, self.watch, self.events_callback, self.pathnames)
    ~~~~~~~~~~~~~~~~~~~^^^^^^^^^^^^^^^^^^^^^^^^^^^^^^^^^^^^^^^^^^^^^^^^^^^^^^^^
SystemError: Cannot start fsevents stream. Use a kqueue or polling observer instead.
INFO:     Application startup complete.
WARNING:  WatchFiles detected changes in 'main.py'. Reloading...
/Users/saudahmad/Desktop/portfolio/portfolio/myenv/lib/python3.13/site-packages/sklearn/base.py:525: InconsistentVersionWarning: Trying to unpickle estimator LogisticRegression from version 1.5.2 when using version 1.9.0. This might lead to breaking code or invalid results. Use at your own risk. For more info please refer to:
https://scikit-learn.org/stable/model_persistence.html#security-maintainability-limitations
  warnings.warn(
/Users/saudahmad/Desktop/portfolio/portfolio/myenv/lib/python3.13/site-packages/sklearn/base.py:525: InconsistentVersionWarning: Trying to unpickle estimator StandardScaler from version 1.5.2 when using version 1.9.0. This might lead to breaking code or invalid results. Use at your own risk. For more info please refer to:
https://scikit-learn.org/stable/model_persistence.html#security-maintainability-limitations
  warnings.warn(
/Users/saudahmad/Desktop/portfolio/portfolio/myenv/lib/python3.13/site-packages/sklearn/base.py:525: InconsistentVersionWarning: Trying to unpickle estimator DecisionTreeClassifier from version 1.5.2 when using version 1.9.0. This might lead to breaking code or invalid results. Use at your own risk. For more info please refer to:
https://scikit-learn.org/stable/model_persistence.html#security-maintainability-limitations
  warnings.warn(
/Users/saudahmad/Desktop/portfolio/portfolio/myenv/lib/python3.13/site-packages/sklearn/base.py:525: InconsistentVersionWarning: Trying to unpickle estimator RandomForestClassifier from version 1.5.2 when using version 1.9.0. This might lead to breaking code or invalid results. Use at your own risk. For more info please refer to:
https://scikit-learn.org/stable/model_persistence.html#security-maintainability-limitations
  warnings.warn(
/Users/saudahmad/Desktop/portfolio/portfolio/myenv/lib/python3.13/site-packages/sklearn/base.py:525: InconsistentVersionWarning: Trying to unpickle estimator Pipeline from version 1.5.2 when using version 1.9.0. This might lead to breaking code or invalid results. Use at your own risk. For more info please refer to:
https://scikit-learn.org/stable/model_persistence.html#security-maintainability-limitations
  warnings.warn(
/usr/local/Cellar/python@3.13/3.13.9_1/Frameworks/Python.framework/Versions/3.13/lib/python3.13/pickle.py:1760: UserWarning: [00:24:18] WARNING: /Users/runner/work/xgboost/xgboost/src/gbm/../common/error_msg.h:83: If you are loading a serialized model (like pickle in Python, RDS in R) or
configuration generated by an older version of XGBoost, please export the model by calling
`Booster.save_model` from that version first, then load it back in current version. See:

    https://xgboost.readthedocs.io/en/stable/tutorials/saving_model.html

for more details about differences between saving model and serializing.

  setstate(state)
/Users/saudahmad/Desktop/portfolio/portfolio/myenv/lib/python3.13/site-packages/sklearn/base.py:525: InconsistentVersionWarning: Trying to unpickle estimator Lasso from version 1.5.2 when using version 1.9.0. This might lead to breaking code or invalid results. Use at your own risk. For more info please refer to:
https://scikit-learn.org/stable/model_persistence.html#security-maintainability-limitations
  warnings.warn(
INFO:     Started server process [19137]
INFO:     Waiting for application startup.
Unhandled exception in FSEventsEmitter
Traceback (most recent call last):
  File "/Users/saudahmad/Desktop/portfolio/portfolio/myenv/lib/python3.13/site-packages/watchdog/observers/fsevents.py", line 307, in run
    _fsevents.add_watch(self, self.watch, self.events_callback, self.pathnames)
    ~~~~~~~~~~~~~~~~~~~^^^^^^^^^^^^^^^^^^^^^^^^^^^^^^^^^^^^^^^^^^^^^^^^^^^^^^^^
SystemError: Cannot start fsevents stream. Use a kqueue or polling observer instead.
INFO:     Application startup complete.
WARNING:  WatchFiles detected changes in 'main.py'. Reloading...
/Users/saudahmad/Desktop/portfolio/portfolio/myenv/lib/python3.13/site-packages/sklearn/base.py:525: InconsistentVersionWarning: Trying to unpickle estimator LogisticRegression from version 1.5.2 when using version 1.9.0. This might lead to breaking code or invalid results. Use at your own risk. For more info please refer to:
https://scikit-learn.org/stable/model_persistence.html#security-maintainability-limitations
  warnings.warn(
/Users/saudahmad/Desktop/portfolio/portfolio/myenv/lib/python3.13/site-packages/sklearn/base.py:525: InconsistentVersionWarning: Trying to unpickle estimator StandardScaler from version 1.5.2 when using version 1.9.0. This might lead to breaking code or invalid results. Use at your own risk. For more info please refer to:
https://scikit-learn.org/stable/model_persistence.html#security-maintainability-limitations
  warnings.warn(
/Users/saudahmad/Desktop/portfolio/portfolio/myenv/lib/python3.13/site-packages/sklearn/base.py:525: InconsistentVersionWarning: Trying to unpickle estimator DecisionTreeClassifier from version 1.5.2 when using version 1.9.0. This might lead to breaking code or invalid results. Use at your own risk. For more info please refer to:
https://scikit-learn.org/stable/model_persistence.html#security-maintainability-limitations
  warnings.warn(
/Users/saudahmad/Desktop/portfolio/portfolio/myenv/lib/python3.13/site-packages/sklearn/base.py:525: InconsistentVersionWarning: Trying to unpickle estimator RandomForestClassifier from version 1.5.2 when using version 1.9.0. This might lead to breaking code or invalid results. Use at your own risk. For more info please refer to:
https://scikit-learn.org/stable/model_persistence.html#security-maintainability-limitations
  warnings.warn(
/Users/saudahmad/Desktop/portfolio/portfolio/myenv/lib/python3.13/site-packages/sklearn/base.py:525: InconsistentVersionWarning: Trying to unpickle estimator Pipeline from version 1.5.2 when using version 1.9.0. This might lead to breaking code or invalid results. Use at your own risk. For more info please refer to:
https://scikit-learn.org/stable/model_persistence.html#security-maintainability-limitations
  warnings.warn(
/usr/local/Cellar/python@3.13/3.13.9_1/Frameworks/Python.framework/Versions/3.13/lib/python3.13/pickle.py:1760: UserWarning: [00:24:29] WARNING: /Users/runner/work/xgboost/xgboost/src/gbm/../common/error_msg.h:83: If you are loading a serialized model (like pickle in Python, RDS in R) or
configuration generated by an older version of XGBoost, please export the model by calling
`Booster.save_model` from that version first, then load it back in current version. See:

    https://xgboost.readthedocs.io/en/stable/tutorials/saving_model.html

for more details about differences between saving model and serializing.

  setstate(state)
/Users/saudahmad/Desktop/portfolio/portfolio/myenv/lib/python3.13/site-packages/sklearn/base.py:525: InconsistentVersionWarning: Trying to unpickle estimator Lasso from version 1.5.2 when using version 1.9.0. This might lead to breaking code or invalid results. Use at your own risk. For more info please refer to:
https://scikit-learn.org/stable/model_persistence.html#security-maintainability-limitations
  warnings.warn(
INFO:     Started server process [19147]
INFO:     Waiting for application startup.
Unhandled exception in FSEventsEmitter
Traceback (most recent call last):
  File "/Users/saudahmad/Desktop/portfolio/portfolio/myenv/lib/python3.13/site-packages/watchdog/observers/fsevents.py", line 307, in run
    _fsevents.add_watch(self, self.watch, self.events_callback, self.pathnames)
    ~~~~~~~~~~~~~~~~~~~^^^^^^^^^^^^^^^^^^^^^^^^^^^^^^^^^^^^^^^^^^^^^^^^^^^^^^^^
SystemError: Cannot start fsevents stream. Use a kqueue or polling observer instead.
INFO:     Application startup complete.
/Users/saudahmad/Desktop/portfolio/portfolio/myenv/lib/python3.13/site-packages/sklearn/base.py:525: InconsistentVersionWarning: Trying to unpickle estimator LogisticRegression from version 1.5.2 when using version 1.9.0. This might lead to breaking code or invalid results. Use at your own risk. For more info please refer to:
https://scikit-learn.org/stable/model_persistence.html#security-maintainability-limitations
  warnings.warn(
/Users/saudahmad/Desktop/portfolio/portfolio/myenv/lib/python3.13/site-packages/sklearn/base.py:525: InconsistentVersionWarning: Trying to unpickle estimator StandardScaler from version 1.5.2 when using version 1.9.0. This might lead to breaking code or invalid results. Use at your own risk. For more info please refer to:
https://scikit-learn.org/stable/model_persistence.html#security-maintainability-limitations
  warnings.warn(
/Users/saudahmad/Desktop/portfolio/portfolio/myenv/lib/python3.13/site-packages/sklearn/base.py:525: InconsistentVersionWarning: Trying to unpickle estimator DecisionTreeClassifier from version 1.5.2 when using version 1.9.0. This might lead to breaking code or invalid results. Use at your own risk. For more info please refer to:
https://scikit-learn.org/stable/model_persistence.html#security-maintainability-limitations
  warnings.warn(
/Users/saudahmad/Desktop/portfolio/portfolio/myenv/lib/python3.13/site-packages/sklearn/base.py:525: InconsistentVersionWarning: Trying to unpickle estimator RandomForestClassifier from version 1.5.2 when using version 1.9.0. This might lead to breaking code or invalid results. Use at your own risk. For more info please refer to:
https://scikit-learn.org/stable/model_persistence.html#security-maintainability-limitations
  warnings.warn(
/Users/saudahmad/Desktop/portfolio/portfolio/myenv/lib/python3.13/site-packages/sklearn/base.py:525: InconsistentVersionWarning: Trying to unpickle estimator Pipeline from version 1.5.2 when using version 1.9.0. This might lead to breaking code or invalid results. Use at your own risk. For more info please refer to:
https://scikit-learn.org/stable/model_persistence.html#security-maintainability-limitations
  warnings.warn(
/usr/local/Cellar/python@3.13/3.13.9_1/Frameworks/Python.framework/Versions/3.13/lib/python3.13/pickle.py:1760: UserWarning: [00:24:41] WARNING: /Users/runner/work/xgboost/xgboost/src/gbm/../common/error_msg.h:83: If you are loading a serialized model (like pickle in Python, RDS in R) or
configuration generated by an older version of XGBoost, please export the model by calling
`Booster.save_model` from that version first, then load it back in current version. See:

    https://xgboost.readthedocs.io/en/stable/tutorials/saving_model.html

for more details about differences between saving model and serializing.

  setstate(state)
/Users/saudahmad/Desktop/portfolio/portfolio/myenv/lib/python3.13/site-packages/sklearn/base.py:525: InconsistentVersionWarning: Trying to unpickle estimator Lasso from version 1.5.2 when using version 1.9.0. This might lead to breaking code or invalid results. Use at your own risk. For more info please refer to:
https://scikit-learn.org/stable/model_persistence.html#security-maintainability-limitations
  warnings.warn(
INFO:     Started server process [19157]
INFO:     Waiting for application startup.
Unhandled exception in FSEventsEmitter
Traceback (most recent call last):
  File "/Users/saudahmad/Desktop/portfolio/portfolio/myenv/lib/python3.13/site-packages/watchdog/observers/fsevents.py", line 307, in run
    _fsevents.add_watch(self, self.watch, self.events_callback, self.pathnames)
    ~~~~~~~~~~~~~~~~~~~^^^^^^^^^^^^^^^^^^^^^^^^^^^^^^^^^^^^^^^^^^^^^^^^^^^^^^^^
SystemError: Cannot start fsevents stream. Use a kqueue or polling observer instead.
INFO:     Application startup complete.
⚠️ sentiment_model router skipped: No module named 'torch'
⚠️ anomaly_model router skipped: No module named 'torch'
⚠️ clip_search_model router skipped: No module named 'torch'
⚠️ mini_llava_model router skipped: No module named 'torch'
⚠️ diffusion_gan_model router skipped: No module named 'torch'
⚠️ gpt2_lora_model router skipped: No module named 'torch'
⚠️ rag_model router skipped: No module named 'sentence_transformers'
✅ Loaded cv_collection
✅ Loaded github_collection
👀 Watching data for changes...
💾 Loaded 36 projects from disk
⏰ GitHub poller started (60 min interval)
INFO:     127.0.0.1:53996 - "GET /health HTTP/1.1" 200 OK
INFO:     127.0.0.1:54000 - "POST /api/voice/chat/stream HTTP/1.1" 200 OK
⚠️ gpt-4o-mini-tts unavailable (TypeError: Speech.create() got an unexpected keyword argument 'instructions'); falling back to tts-1
⚠️ gpt-4o-mini-tts unavailable (TypeError: Speech.create() got an unexpected keyword argument 'instructions'); falling back to tts-1
🎙️ voice stream stt=1778ms first_audio=5922ms total=7864ms
INFO:     127.0.0.1:54006 - "POST /api/voice/chat/stream?session_id=afbfd6d4-a1f2-4be8-b697-cbce7d6422c9 HTTP/1.1" 200 OK
⚠️ gpt-4o-mini-tts unavailable (TypeError: Speech.create() got an unexpected keyword argument 'instructions'); falling back to tts-1
⚠️ gpt-4o-mini-tts unavailable (TypeError: Speech.create() got an unexpected keyword argument 'instructions'); falling back to tts-1
🎙️ voice stream stt=1013ms first_audio=4241ms total=5699ms
INFO:     127.0.0.1:54012 - "POST /api/voice/chat/stream?session_id=afbfd6d4-a1f2-4be8-b697-cbce7d6422c9 HTTP/1.1" 200 OK
⚠️ gpt-4o-mini-tts unavailable (TypeError: Speech.create() got an unexpected keyword argument 'instructions'); falling back to tts-1
⚠️ gpt-4o-mini-tts unavailable (TypeError: Speech.create() got an unexpected keyword argument 'instructions'); falling back to tts-1
⚠️ gpt-4o-mini-tts unavailable (TypeError: Speech.create() got an unexpected keyword argument 'instructions'); falling back to tts-1
⚠️ gpt-4o-mini-tts unavailable (TypeError: Speech.create() got an unexpected keyword argument 'instructions'); falling back to tts-1
🎙️ voice stream stt=1440ms first_audio=4058ms total=10749ms
INFO:     127.0.0.1:54018 - "POST /api/voice/chat/stream?session_id=afbfd6d4-a1f2-4be8-b697-cbce7d6422c9 HTTP/1.1" 200 OK
⚠️ gpt-4o-mini-tts unavailable (TypeError: Speech.create() got an unexpected keyword argument 'instructions'); falling back to tts-1
⚠️ gpt-4o-mini-tts unavailable (TypeError: Speech.create() got an unexpected keyword argument 'instructions'); falling back to tts-1
⚠️ gpt-4o-mini-tts unavailable (TypeError: Speech.create() got an unexpected keyword argument 'instructions'); falling back to tts-1
⚠️ gpt-4o-mini-tts unavailable (TypeError: Speech.create() got an unexpected keyword argument 'instructions'); falling back to tts-1
🎙️ voice stream stt=1000ms first_audio=5850ms total=11875ms
INFO:     127.0.0.1:54026 - "POST /api/voice/chat/stream?session_id=afbfd6d4-a1f2-4be8-b697-cbce7d6422c9 HTTP/1.1" 200 OK
⚠️ gpt-4o-mini-tts unavailable (TypeError: Speech.create() got an unexpected keyword argument 'instructions'); falling back to tts-1
⚠️ gpt-4o-mini-tts unavailable (TypeError: Speech.create() got an unexpected keyword argument 'instructions'); falling back to tts-1
⚠️ gpt-4o-mini-tts unavailable (TypeError: Speech.create() got an unexpected keyword argument 'instructions'); falling back to tts-1
⚠️ gpt-4o-mini-tts unavailable (TypeError: Speech.create() got an unexpected keyword argument 'instructions'); falling back to tts-1
🎙️ voice stream stt=1340ms first_audio=5565ms total=13447ms
INFO:     127.0.0.1:54034 - "POST /api/voice/chat/stream?session_id=afbfd6d4-a1f2-4be8-b697-cbce7d6422c9 HTTP/1.1" 200 OK
⚠️ gpt-4o-mini-tts unavailable (TypeError: Speech.create() got an unexpected keyword argument 'instructions'); falling back to tts-1
⚠️ gpt-4o-mini-tts unavailable (TypeError: Speech.create() got an unexpected keyword argument 'instructions'); falling back to tts-1
⚠️ gpt-4o-mini-tts unavailable (TypeError: Speech.create() got an unexpected keyword argument 'instructions'); falling back to tts-1
⚠️ gpt-4o-mini-tts unavailable (TypeError: Speech.create() got an unexpected keyword argument 'instructions'); falling back to tts-1
🎙️ voice stream stt=1184ms first_audio=4836ms total=11864ms
INFO:     127.0.0.1:54041 - "POST /api/voice/chat/stream?session_id=afbfd6d4-a1f2-4be8-b697-cbce7d6422c9 HTTP/1.1" 200 OK
⚠️ gpt-4o-mini-tts unavailable (TypeError: Speech.create() got an unexpected keyword argument 'instructions'); falling back to tts-1
⚠️ gpt-4o-mini-tts unavailable (TypeError: Speech.create() got an unexpected keyword argument 'instructions'); falling back to tts-1
🎙️ voice stream stt=999ms first_audio=4356ms total=6166ms
INFO:     127.0.0.1:54048 - "POST /api/voice/chat/stream?session_id=afbfd6d4-a1f2-4be8-b697-cbce7d6422c9 HTTP/1.1" 200 OK
⚠️ gpt-4o-mini-tts unavailable (TypeError: Speech.create() got an unexpected keyword argument 'instructions'); falling back to tts-1
⚠️ gpt-4o-mini-tts unavailable (TypeError: Speech.create() got an unexpected keyword argument 'instructions'); falling back to tts-1
⚠️ gpt-4o-mini-tts unavailable (TypeError: Speech.create() got an unexpected keyword argument 'instructions'); falling back to tts-1
⚠️ gpt-4o-mini-tts unavailable (TypeError: Speech.create() got an unexpected keyword argument 'instructions'); falling back to tts-1
🎙️ voice stream stt=1264ms first_audio=3926ms total=9828ms
INFO:     127.0.0.1:54054 - "POST /api/voice/chat/stream?session_id=afbfd6d4-a1f2-4be8-b697-cbce7d6422c9 HTTP/1.1" 200 OK
⚠️ gpt-4o-mini-tts unavailable (TypeError: Speech.create() got an unexpected keyword argument 'instructions'); falling back to tts-1
⚠️ gpt-4o-mini-tts unavailable (TypeError: Speech.create() got an unexpected keyword argument 'instructions'); falling back to tts-1
⚠️ gpt-4o-mini-tts unavailable (TypeError: Speech.create() got an unexpected keyword argument 'instructions'); falling back to tts-1
⚠️ gpt-4o-mini-tts unavailable (TypeError: Speech.create() got an unexpected keyword argument 'instructions'); falling back to tts-1
⚠️ gpt-4o-mini-tts unavailable (TypeError: Speech.create() got an unexpected keyword argument 'instructions'); falling back to tts-1
⚠️ gpt-4o-mini-tts unavailable (TypeError: Speech.create() got an unexpected keyword argument 'instructions'); falling back to tts-1
INFO:     127.0.0.1:54060 - "POST /api/voice/chat/stream?session_id=afbfd6d4-a1f2-4be8-b697-cbce7d6422c9 HTTP/1.1" 200 OK
⚠️ gpt-4o-mini-tts unavailable (TypeError: Speech.create() got an unexpected keyword argument 'instructions'); falling back to tts-1
⚠️ gpt-4o-mini-tts unavailable (TypeError: Speech.create() got an unexpected keyword argument 'instructions'); falling back to tts-1
⚠️ gpt-4o-mini-tts unavailable (TypeError: Speech.create() got an unexpected keyword argument 'instructions'); falling back to tts-1
INFO:     127.0.0.1:54065 - "POST /api/voice/chat/stream?session_id=afbfd6d4-a1f2-4be8-b697-cbce7d6422c9 HTTP/1.1" 200 OK
⚠️ gpt-4o-mini-tts unavailable (TypeError: Speech.create() got an unexpected keyword argument 'instructions'); falling back to tts-1
⚠️ gpt-4o-mini-tts unavailable (TypeError: Speech.create() got an unexpected keyword argument 'instructions'); falling back to tts-1
⚠️ gpt-4o-mini-tts unavailable (TypeError: Speech.create() got an unexpected keyword argument 'instructions'); falling back to tts-1
⚠️ gpt-4o-mini-tts unavailable (TypeError: Speech.create() got an unexpected keyword argument 'instructions'); falling back to tts-1
⚠️ gpt-4o-mini-tts unavailable (TypeError: Speech.create() got an unexpected keyword argument 'instructions'); falling back to tts-1
⚠️ gpt-4o-mini-tts unavailable (TypeError: Speech.create() got an unexpected keyword argument 'instructions'); falling back to tts-1
🎙️ voice stream stt=1019ms first_audio=5694ms total=18127ms
INFO:     127.0.0.1:54070 - "POST /api/voice/chat/stream?session_id=afbfd6d4-a1f2-4be8-b697-cbce7d6422c9 HTTP/1.1" 200 OK
