{
  "random_forest": {
    "threshold": 0.29999999999999993,
    "precision": 0.5100182149362478,
    "recall": 0.7486631016042781,
    "f1": 0.6067172264355363,
    "roc_auc": 0.8171749382671313
  },
  "xgboost": {
    "threshold": 0.27999999999999997,
    "precision": 0.5149700598802395,
    "recall": 0.6898395721925134,
    "f1": 0.5897142857142857,
    "roc_auc": 0.8048348354566679
  }
}