{
  "precision": 0.9259165184997037,
  "recall": 0.8521779786487961,
  "f1": 0.8875182600227236,
  "roc_auc": 0.9501856797904544,
  "confusion_matrix": {
    "tn": 8836,
    "fp": 875,
    "fn": 1897,
    "tp": 10936
  },
  "normal_avg_error": 0.05478930100798607,
  "anomaly_avg_error": 1.5526320934295654,
  "train_size": 67343,
  "test_size": 22544
}