{
  "trend_slope": 888.3121915816322,
  "trend_intercept": 26240.013137414986,
  "seasonal_index": {
    "1": -18656.725185884363,
    "2": -28275.165927465998,
    "3": 5387.139830952372,
    "4": -10823.819010629264,
    "5": -7261.200427210895,
    "6": -10211.812718792527,
    "7": -11175.583485374158,
    "8": -9118.83617695579,
    "9": 25689.72280646258,
    "10": -350.3686351190536,
    "11": 36427.67324829932,
    "12": 28368.97568171768
  },
  "resid_std": 9413.171917378984,
  "n_months_trained": 48
}